hash_sha256;hash_sha1;hash_md5;domain;url;ip;mail
900cd08eef75acb1be1ea263841e7ff280bf49e6dec720f62244af7512908782;c1db00e3fe7241b6b69ee92c7814713b20c4eb7b;6ea6d3c46d943a352a49eead346aa384;supportsinfo.online;c8ke.com/izabelaczynska_RFA;137.184.12.175;foundation@nju.edu.cn
3b332273cc839a39aa8d37a6094217e5d6d9bf02ef0e8404cd6b3a4b42489251;0daea8972337a35f6d48eb9f9dc11ca178dd5e94;fee6ba9a0d7a805b3281d4f955821c1c;timelynews.us;flaviaarruda.com/hjkdmdahadmnadhiasd/dcfo/unescaped.html;108.181.24.25;dndxzcgs@126.com
a0aca16135948a69e35bf7cc62d5aaa1618b4433ab8a4e9d1bad804aa63482f7;9b4908ca53d61369d548913a8b4f50c8260e89f9;40fd2856f107ebb08b37e6c653431c8c;wddatas.com;onedrive.live.com/download?resid=E4CA102BDFEE588E%21270&authkey=!APROzeho0b-mWxQ;108.181.24.17;extern.labno-falecka@mercedes-benz.com
0b1432a36223ecd8c807c1848a7b42594cf1afee5789ca83cebe73f8375aa013;f31828535ddf4bd021ead80d711de58c4218f064;8647cf57b0a9cc5218717a8728973975;dailytrainnews.com;172.245.16.125/m2.png;62.210.209.84;smak.liter@gmail.com
a3234b0a7690d837752a76f49b4abf6008f0af4e39399930d5269441623cd002;9ca47a45cb50b870cc7bb32eb13dcc8c9cf3cc83;c6e4365f50e1e1c40c5e8568280d50e3;www.inspicturecloud.com;172.245.16.125/m4.png;195.154.176.27;stowarzyszenie.radosc@wp.pl
418dbcf5f8d5ad7e16a0bb48c1e14cb269bf5bd814f0a70c3aa90ce787136047;7f5960ff9feff30d2f4a4c1598dd22632ceea0cb;3350e74a4cfa020f9b256194eae25c12;usnews-today.com;s.free.fr/uezXweP;62.210.122.59;lemcriltgufeelalbcsted@s.namviet.edu.vn
ec42615abe3e49d66f00e88ba7a9426715f5a25bc8b847f6c49a16b460fb896c;c2caf5322abd51379e94c8b49ee119368e002038;6498b2ea2459c1b69012a5a85c3141ac;insimagecloud.com;194.126.178.8/webdav/wody.pdf;109.205.213.220;legal@cubeent.co.kr
5df8327275da4d2a00ea33f9846b76390aa691c12900abecd83e8cad249819f1;c203c1d997c38fbb5b67b5022d3f91daf2524597;50fb22c2f9f7ee60035b0e42f8630a68;flashupdate.org;124.168.91.178/webdav/pol.zip;167.172.148.206;pvenne@vplusv.ca
08a17a2ca774e5d63d00d6347ab8569354e6fc33b9e65cd55db64f088125e77f;9a451f723f74d07000b6d07ace00b190f5640844;7f4a7ae6bdec2d3d22f9720f9a92a4d5;linksclouds.com;124.168.91.178/webdav/wody.pdf;222.190.96.75;m.elnmrvacaoir@ciklotron.net
c5e8da67c68131844669b586b5c23f9a0d55cd6b87428e357fe40a53c35fa300;7f29558878636b44b93bfb20b1a307b1b3f4da3a;d8ff0732b4ab49d907c7dda37a6a003e;kescommit.com;124.168.91.178/webdav/Python39/Client.py;5.10.250.192;bhupender@dvtpl.com
ef0d6ddb130fee72d17b1c077b332c474205897f806b16d2dd130768429b9add;ddce377ad535247072c3bcecfccab7003951f3f1;2f78792102a7c85c5cf25a3d7c11d36b;servl.tagmaorgl.info;172.114.170.18/documents/Docs/PismoBD.ROA.255.2022zdnia16.01.2024.pdf.lnk;104.156.155.37;k.mbarki@morbarter.com
39cdf9116a9f3150cb65b8b24ca349e046564d2c1e89d7d88d558301bddb75b5;c3458379f0ea5d606f2e10960298d35f12a620ad;c957606aeb57b33a69809518e6b2e777;eestudios.us;172.114.170.18/documents/files/1.py;23.230.253.170;poland@nesst.org
1e154660b0bb64245a5af77cc9515d8bf28b14f93a25fe901a469bb49f835d75;c95ac59f5ccfaf05f8f0d158cec9108ce934bc49;d1541e24c788958bc34d7ccc9d3aed14;letraeimagem.com.br;89.23.98.22/UR/lmncr2rs.exe;137.184.197.15;bryan.rivera01@cu.ucsg.edu.ec
878328251a5cd5caa8da3bad6dbe4804ee0f1bc26e28a5e1fa3aa901dc3295e6;92b3c94275edfc292d70f81d359cc5ccf6b1af02;ca54a52977506d3897082cea1269de3c;secretariaextension.unt.edu.ar;89.23.98.22/UR/application_software_adobereader_acrobat_adobereader_pdf_aplicacion.ico;147.182.253.179;illuminatiiniationcenter22@gmail.com
3fa9fdbfea8fcf65e74ba76d88c190064938b15383dc213d00ad29fcf7b0e56b;4c8f891e872e36c6b80e0c557074d56c2b4847fa;cc4a5d204faddb649c9702969a47ece2;aldia.com.uy;agios.ro/M9.txt;157.245.78.80;renaissance.nobilium.polonorum@praepositus.eu
21bd66d0ec25c7b91d9c35c4caa9039131c985df59bba10f13ba8e8099ef1516;f0f8178955589c3268c208a9edc5efa60b4a9ce0;fa0e26a9a844b44746c60241841fbe53;2.moulding.z8.ru;run.mocky.io/v3/2bba5640-1585-4527-a24a-d02b48cb3441?q=eceb4163-89ab-42d3-9484-1af0e3e63cce;103.105.48.149;kevin.mendoza01@cu.ucsg.edu.ec
bd5b36aa69ab53f77a7dc7333a81bd3b2f2a9c945a21afbda4153aa498bffac1;dae08a48e063647cf23179cc8d2ded67430498cc;cafa647522533893f28506095f318d94;bedsbreath.com;webhook.site/eceb4163-89ab-42d3-9484-1af0e3e63cce;128.199.210.248;kolowski2006zoo@wp.pl
9ca08737244938b75a544679ba6154dfcbefb1507222e654df4da99027e607f7;c91884518adf56dea50758e2268aaa34f8f9e72b;9ae9573f68a9d2126999d405f6f17325;www.supportitservice.info;webhook.site/4fa47e20-2591-4384-bcf3-f311fad067c1;103.105.48.135;bwsomy@gmail.com
2988b89bd4e24877e52e15dc1ee0318ecefe2d2ebecb1ac1389b2c6d89a69edd;625f82a988fc488988496c6c403e17bdf4e00a80;012c8a62e41c6239399acc7c1c9c7439;faxmessageid.xyz;webhook.site/bf879d36-21c8-4216-b432-701bfd5fe1c3;46.101.143.204;ifimes@ifimes.org
2b35aa9c70ef66197abfb9bc409952897f9f70818633ab43da85b3825b256307;49b69bf87515ad8945ce9a79f68f8b788c0ae39;73da2c02c6f8bfd4662dc84820dcd983;sarnisas.info;prensacristiana.cl/w88ef;178.128.34.203;info@topdzierzawa.pl
7107a89291fe78d31bf7f3b4c35cc5422481d9fbc78e94e82e564a9b17cefa6b;2fa5d8f35451733908a188d49196d8f900cd30d0;a4448f3b1bb0bbead202561baedd6ab2;colormessa.info;prensacristiana.cl/sH2Zj;104.245.209.231;salvatoremilitti@aopapardo.it
51ac76da0f039dcb47f4cfc1c543ac62ad0a643b6b03843d8d3414939a93b7b7;5eb28ebec7436f26776594dbc5e664ec1cc9beb7;52ae198e67113cccc97899762c3f1197;secmail.pro;prensacristiana.cl/YYnmI;175.158.66.198;info@unitrat.it
563b1c6252612d06b714bf29b9f53f7aade4c7ac6658b2d0c774a7e244ea83da;14394063d006546430a86a885417fe2463d2594a;dd0802b2a4c476917099862193e7ab08;mail2tor.com;194.180.191.15/ods.06.06;43.243.237.52;administradorunico780@correoadmin.online
770fbe9d6fef71b7d7a9f07d9eae6dca9ce8b3178989fae0ed32d2d10651ab57;c36c88ab53a06018f8688a31ce9b2a4110e4e2a0;548485ec900c81cb3bef60711b911fc3;cock.li;194.180.191.15/ods/senior.zip;80.64.30.125;mf@cocoon-competence.de
9508ba55431d7552c2f32e77018a531170906eea5ac404de8db552d6920827d8;9b7eba90a835e97a31bdc44fdf3e7b8b05a0279e;a0d5a410496fd8b033a6a0c781441de0;countermail.com;cdn5s32.zl3.web.core.windows.net/Meetingl03.html;80.64.30.126;einkauf@cocoon-competence.de
b87a57a89d145df4303ab662279ef46cffc83a4198a5495133c907c60d01776c;b0a53a304fc6b344a152f5fbd5e9f4b50b3ff2dc;f8085aa3f8a6c09343affaac16a88932;fastmail.com;goclamdep.net/kqnagt;80.64.30.128;susdhsdeesdsdsdort@ha.msw-bd.com
7aa996ff7551362f42ba31d4cd92d255a49735518b3f4dc33283fdd5c5a61b42;44cb931ee16f1f6e3b408035efcd795d8aa0c9be;28e1786bd652942f0be31080a9452389;hushmail.com;run.mocky.io/v3/3a5fa1cf-1b0c-4266-a25a-e2215c86964a;80.64.30.127;info@isd-internet.de
f632b6e822d69fb54b41f83a357ff65d8bfc67bc3e304e88bf4d9f0c4aedc224;4e92e5cbe9092f94b4f4951893b5d9ca304d292c;e20ee9bbbd1ebe131f973fe3706ca799;jumble.io;noteforms.com/forms/getting-started-nufiub;83.222.191.46;info@hj.technologieuationen.de
dfbcce38214fdde0b8c80771cfdec499fc086735c8e7e25293e7292fc7993b4c;b87405ff26a1ab2a03f3803518f306cf906ab47f;9dbbfa81fe433b24b3f3b7809be2cc7f;kolabnow.com;usebasin.com/form/22c70557e576/view/73148e3f4f90?iframe=true;89.248.165.119;info@kh.topbusinessportal.de
c3f11936fe43d62982160a876cc000f906cb34bb589f4e76e54d0a5589b2fdb9;b2f4288577bf8f8f06a487b17163d74ebe46ab43;7def1c942eea4c2024164cd5b7970ec8;protonmail.com;forms.clickup.com/90121020097/f/2kxu38p1-472/GC1JDV0VAT2ONEPIHM;80.82.65.90;kariimfadika@gmail.com
b780e24e14885c6ab836aae84747aa0d975017f5fc5b7f031d51c7469793eabe;d29cbc92744db7dc5bb8b7a8de6e3fa2c75b9dcd;6ccc960ae38768664e8cf40c74a9902;startmail.com;fill.formnx.com/f/outlook-web-access-16hd79;89.248.163.146;lilithtoykamro@gmail.com
c46c3d2bea1e42b628d6988063d247918f3f8b69b5a1c376028a2a0cadd53986;44fac7dd4b9b1ccc61af4859c8104dd507e82e2d;b1349ca048b6b09f2b8224367fda4950;tutanota.com;;118.37.157.169;pre@fen.echohaus.de
ac6b3f9e0848590e1b933182f1b206c00f24c3aa0aa6c62ca57682eff044d079;1ed9dc8be0f925a5c23e6b516062744931697c78;0d7dbda706e0048aca27f133d4fc7c51;unspyable.com;;23.26.247.175;support@crm.rmtsoft.de
d7c6083b0366781a38b7afd5c60710e649693f0b664ff8eac12895b80b444c0e;d4e781ac4c067c838e467892dfa5d46fc659406e;3a56cfd7e8808c695fa49ef96b1a377e;risrup.net;;47.88.106.245;support@fen.echohaus.de
50c8d5ed731c81fd716697aff0643331e39f939e305a8c5e9a25af9997057468;63d87f24b84f1e47242527478fb5bd04c3b8317d;526ba5ed2181745746aae300a2cf4ee4;scryptmail.com;;93.184.164.178;info@fen.echohaus.de
02901340842ac53bba2ca25aa8c52300435c1c7f8c273521d54c60c4ffb92a00;ffb6b76ab68769856ab5cb0f04b459a70e1e69c1;905fab6c13564fda0d93cdd4949d8882;openmail.cc;;80.75.212.9;support@zn.nachhaltigelise.de
2b4b2a707662973236ae9b2fc732533b5d7236b279a2fccb2874da07e09af4b3;17f1e2962e76eaeb18ae000fc6cec224baf0bc7b;a2259c6e504033a646fd7a47c1d0c490;safe-mail.net;;85.94.240.211;service@zn.nachhaltigelise.de
08b8b5c623bd115853cacfa860262fc966334f844a0bda1ed0dfb64bed0e8504;ee5189567ec384377f4cbd6ffef5cc5594795cd7;a23affb6b718c49f6b400e63f21a2cb9;Checking-chaeverif.ml;;83.222.190.90;info@hn.neueinternetideen.de
522bc9f80114687510e8d10dfda79cf57064a6a16fd8d773ec133182182210f9;3a8be71ab7f4d6bacf694d89ba276acd41976afb;96ab32cdb8afdd8b72dcf4f7b454402d;40-38.xyz;;103.174.122.138;support@hn.neueinternetideen.de
d94f16865de67b97fd6b953c54914d10e92cf8948843f8c8a275126af4b7805d;9eea0d7630f04dfdbb1ad98e7fa516537c0d2e2a;5d73f496cd9308852677fc4a0c376fa6;40-62.xyz;;63.176.113.219;technique@jur.markisetorn.de
ed3062a73c2cf0710b2e6d8f2e5216b76506bf4ecb16052016cf629647fd9277;aa753a9126a0c10f2f9b4627f5754db19aae52fc;d19757c2fcecc2591586c0ac265c35d9;40-37.xyz;;87.120.112.169;info@jur.markisetorn.de
fcb5c0cc5d0ba771854d51685ac1134d2ed1322f9387c45cdb65e3463cb83634;730aa4aa4d35bdf4c1d3305996dd7920bcd1121d;2aeaf374e12cd9afcfe0114ef4a5b477;40-36.xyz;;103.140.73.191;do-not-reply@hireez-privacy.com
2ae1c7a5828344b803f6c5085ff52866be49fc5ec3c3e868d850283a6e8fce59;39a7634b3d7c62cf2b1e7a19fadeda12962b3468;9d60d8928bc0478b3029e59024b5f407;40-41.xyz;;103.192.199.116;info@druckerei-fuchs.de
0d14157596c619d7a083dc7d6f62802f12f29ef2cc89ee2faa817711b4f5f2d9;883f6b0427becfa143077762563f901863a2ff3f;57897fb9eb1eda035a5553020a14aba1;40-39.xyz;;62.210.101.204;pr@hr.domarkistapov.de
8f79639475ceda9827e223680492e928ede5984dff55438e3f58558cb5842aa2;17091b51b057ca6a3fc410ce6128e92e9280a6b6;ec7de96143e5b4fe8713ad5e9a489e43;40-32.xyz;;194.169.160.137;ciavoodoo@gmail.com
f2a7baa5c16c333386a2ddbe989387d32c5d1072ded70b67ca0d4a081cceade5;f4822fdffbb0d7b7ab18de185a2fdba00f67e193;7bdde2b3be1705cb3d8c88dc128e2dde;office-constructor.ddns.net;;62.210.101.202;ukraine@news.impact-initiatives.org
e28b1212adc862b9041201c510b3fabd9df344fa24c74529f3dc8d945aa8df6e;581830bc0cee407c5e5a720931522a4c25b2d9f0;2f91acd98787a3ccfae98de192c18c8d;mailfence.com;;59.31.241.241;patience@kulika.org
90cae58ef433ae59c5b1bce2fce56a9df21af91e8982970d71a5c1b2224663d4;16378a035f882c591cd1727bea8b53bf3e11b5b4;c70d93fa9e3529cec35ba88ef4d7c087;secmail.pro;;95.156.224.90;
09b7d4015f3206c07ce3194ec06c5efe010bdcd9a676a6574c91f9bde6d8c331;f6c58078117b4eec6a415a210fa23c2b8736ccbd;6590d73b69b1024b3f9108c5b5aeabc1;mail2tor.com;;141.105.67.7;
5bf8bb40d3b7c932dc231501a66205e1ae371ec0bd16426d8d4e8213c22c9f41;e1c14f994e68562521e29c9929d03b95caa9ad75;a9bf86474ee6fe20f4990da6a989b3da;cock.li;;128.22.151.111;
ca5828dc8be89194c479ca84ed01a55007d9e5272a362f12358c6c5266587581;0fb357d8a259415242aa3454db63e727b96acc62;07db51082a98581a8650fca2525fd68a;countermail.com;;37.60.239.46;
7aac112635cbde748a97b38f6a52aaebbc3f0050f81cf36ccdc6c294c214fd73;72cfda2bb3914e5696c7f233daa515a2028ab2ef;23296cd80227f6ca6d00221d42c1c7af;kolabnow.com;;62.210.101.201;
debf78ac913e3b76debc7c4745d1e9ff858d6f3392ad02db78eb18408ac4beaf;95a6a416f682a9d254e76ec38ade01ce241b3366;02bebda14734b392c40e86a08717e140;riseup.net;;50.5.18.79;
d524ee4c7f70b45694218e309e9aaef64f96e812505c9c95891585555a195459;9f6f64b565596d59ec2c939a303ef10479772079;5dcd712fdbd0fbe21fef267698eabb51;scryptmail.com;;51.178.39.194;
c70801664edcbdc2b931041a33fc8edc25f74db22f427a3b42f0e2698b85236d;a1a2ae1cf861bde9eb08e3e0aebb03331f5f7f04;6d069a82708d633c3d9f78e1ab466ac2;openmail.cc;;185.91.127.43;
81cb6a984a5eb6db5a92f94309a371916b64b2eec9cc6833ae48650886ed5239;ab7d2512c91872cfe4b72de2883fc8839e49d79e;1885aa63f2ba6c71ae4feec4ca0e2f36;safe-mail.net;;62.210.101.197;
6702a069a9744316e17af29df2e586cf3df5bbe2e8e6c316249b96c016aeba10;825d366a2338b53347baf4c3d25eda99c086eddb;80a43b5caa9137dd0d5dd966d611d42d;airmail.cc;;157.230.236.62;
393BF67D7782D08ECBE50B172BA7D39AAAEAAA2BB7900A4FC15C782C36D83719;d08acab7341ba6ba07fb9c38b5280b659037fe26;79ede452154aa5c33867c63b27d88d4f;librebooton.ddns.net;;62.210.101.12;
9F1445B50B247848DFFD2A2FC01A8033C85803E705E9A26D07B5AE8D19096114;1f6eaac88999205127007dbe06c34cefa46eab1d;67c59f8b488a87f031e586efe22c9d4b;golitrops.xyz;;147.78.47.218;
548f6937985adb04cce6bda4127f3d2af247feada21eda348d1d6a0e8dd7d2c7;198054b26aa1895ae9e6533a449d52dadbbcd0b5;544f97d08c44accf6feb140704686ad9;microsoft-onthehub.com;;147.78.47.118;
f2079fe72b86eddb5c15d9b80c2cc59076a08c0fbbacc4663d5573f5fe40e88d;fe133fbc7fa7369e6412aeca7f7de061cd9ff73c;3b0d58b3f38bc571a0b5516db6c4df78;placeuntilknownparent.com;;156.238.99.56;
485fcf4c2834e20d71b6765eccd79f6b0880d6a9fdc5d3e519a943862e9b8246;9e9a34519f03aa0491723153a4c110240aeb08de;eb4f6b4bd57a2ac6e08dd40c08bed623;tuesyuioodpps.xyz;;4.231.6.89;
855061a138f21d18149b6a844943362526d358acff5a0dc487bedd30b97774d2;eed323dbbb7449b8982be6029268479288ca68e2;b5270b8bfa0cd84a7aae296ab7bcf8e5;maiamirainy.at;;85.214.12.9;
5369e2b8a77987a6a9a3f850f128107a110ea85dc99b8dbed7d24be8e99ba93d;909dc80e4a463f7de569decea30683e77f1b6d3e;1ceb8f9984eaec5081554a932f5ea18b;news-deck.at;;117.190.77.73;
2993aa8cfdfa5de2833021affa50f83c109daa085e5cb6fdbf966e7485f09751;dccfb7c48646a6538e50c0876e3e621f50d6e43d;97613fd9bafae59053135a58f3fb4fb3;drunt.at;;194.50.16.95;
2ee2eeac5ebd87c3e1a8540a6be971cbde294d13ccff27c3dec5fd7029c840ae;122169fb426e0d456b61da4cdd378d62218b6d25;24e0d2015f662ea2f5b7c0e5710a1a3a;enwps.com;;122.234.34.117;
94dc4632159764895ff15118dacc7c5b4c3f84722b4ae5c89b9b120adeec92bf;bd85538e16afe3ddd158f7df4827998bda68b967;9ffc2712d5e355651081f5cca3b41a6c;immchy.com;;63.176.211.150;
10af5707c8f1a59c31d0f57d99f6ca4386ba7cadd3b6b71a0eac05eacf631f5e;cf2d28b6799c2e47c71e4d4007acdb0c70f2c092;f567b6c855c603df4fc914ce307de065;autic.vn;;185.216.71.139;
27379612c139d3c4a0c6614ea51d49f2495213c867574354d7851a86fdec2428;ee3514f16055d01ba7b20c98b3d22d68ed6539d5;157bd8086064f292226162aa698c7c30;e-sadgov.pl;;178.33.41.129;
2bcf331952cdecfdfcbd3463c84e33c0b07ade598e694ca9eba464a3bd1463a9;5bcec7de7080a512c15608579ee74428732d44cb;bfe0da0f8c06f532d699bf24efd35cbd;knfgov.pl;;123.129.219.127;
662c21ee2aab3a65de038e9d1d3765093c2dddb0eb4a6ed73799b074f74bb8b9;779a0e1d989b13882de3744f672bec852a55c0a4;f896ac218451ca62e79d9ab776adb2f8;kprmgov.pl;;94.156.177.248;
08927d7955b1be7fd05d81a73057242117540094dda7cca1c162f3aea18c2854;d465c0b0f0d4aef7da057dcf5a9eefe5cf7e62ee;0ca753d4699587ff19e0cd5719edaff8;mgmgov.pl;;79.124.62.134;
0abbdfbd83bad51650108b4f5a43b3bc07a347aa0b61fa4ec4431ad9cd18a588;e0a9e15e96df7cf01b60c81a942f38bf711765e7;f2557cf1f2fcc270bf6e9fa4b9e1e1f2;migov.pl;;103.214.175.117;
63c36198fce42c7c69b8eebadc0df79c77d27a711e050b20aa130b1a814c0197;8f57c8a892d7d91a6956bcb90e369844f881dc2b;a730586ab353bc5049186903206faa1e;mongov.pl;;77.90.22.51;
f56775b2bc86a692982b0013e1d3ed5445db708ebbb0e70001b9e6df1dfbd193;1c6124c84ef534da8ebef64f3f113bf67d844237;c4aed86bb30fa130a642e501c720e445;mrgov.pl;;109.199.104.133;
6da8b8e1b1f1db5c5497500cc342b5778541c2d6584a958ce64ae77c09895ecc;18f2b3c265c8cb3dfc839e276c8b991e2dc03eaf;e35c61ebe91c031d45c2ae5fee1ce298;nikgov.pl;;152.32.90.156;
ef791bb87a607599ac0193cccba8644367b89eeb7706b2ac0489c318eb2c62cd;441785ce1eeed9758a1dff9bc113b626d5d2c739;1ce24411a166bce454ef7dc10762da5d;nsagov.pl;;103.69.226.125;
e2150f160d11a8a7917b38060171eceeb1d68209ca5c81394682b0d828f35ac9;d4be64a81ed25abdc6dc905f8b0724b0c3b2a1b4;694d036934436a54746956bb0b692e5e;srgov.pl;;117.190.128.246;
927d945476191a3523884f4c0784fb71c16b7738bd7f2abd1e3a198af403f0ae;db8c6ea90b1be5aa560bfbe5a34577eb284243af;9f23bd89694b66d8a67bb18434da4ee8;swwgov.pl;;103.140.73.76;
320cf030b3d28fcddcf0a3ef541dea15599d516cb6edaad53ec9be6b708d15c2;21d7bae9a454e91def08ca0ccffdee3215524b3c;e5fa44fdc9b14c13d3920bad49f0fff3;uwgov.pl;;206.189.162.110;
f4e60792b136f02c28fd35322ee58bf723aeaa3611d286417d8b2b0707612cdc;800375689cef87a42477b5cf02a00dcd908f4839;69badeba72e3fff74200158daf17c616;eobywatel-gov.com;;138.68.1.237;
16b4664969ce27b9914dc9d41b5baa16a341e00f442527efffd478a73a014fa1;afeb330ea75da11608bc4f32d3490ed38cfd4c11;afb30fed336e9b1e5e8ea5d941691b2a;rhyssmart.co.uk;;142.93.16.49;
d0b22ae087511553366f2c9292424f5f3bebbbe621ed54a91d52b9f8d96f594e;661e3877b2241dc4b5242cb8099499cc5e616893;1500424ddb5f27686a64dbeec27f56fe;remedyfastlocal.info;;91.191.209.54;
5134abe5dc819aae6cd91607cad4ab81f79dae8531dbdbfcac3631d95f82ab4c;8b1d1911e1852545a76a8da0a09929f917f4f579;6eeac6c4484bba165194fe549cec7b26;www6238ug.sakura.ne.jp;;138.121.120.10;
18f4eaf1e5e83d974786e31207c47f1378dc4aee5091d62653c0480ea4731759;8110d13efd40b251f3ec964f0f279c3129b6d124;da06734f45a86b28e5f6e73cdde69ae3;duckdns.org;;203.25.215.13;
7ec6600a6e99fd943e702f0e35b4410e19b3149a2dd03521fba9efabbbac5f21;daceeca9a1b717cc1e5834c42dfc05ae0179feda;547baa736c9c9bdcde4cc14c8c4022f1;mail.vxuga.top;;188.93.118.27;
e623ccc3e7951238e956cd57702bc2375b0649d5d550fb4ad29e24f6b9323adf;21c04352720541f6501d3936edf81dec775c0bf9;bf5d494db504a26954e09b7d0ab975a0;diversifeidag.com;;18.201.193.9;
6127bb7d8027d62d97d8f0a41730cb53f1b5b2237bb51619787398d93bd3ac5c;fe46e277954c0f89e2d4a71cb084438ec5de6569;5b85c508d47fa16e158e11e79e45b447;ahbnti.com;;104.156.155.8;
1cc350707003853dc6492a071fde550a68be6903b8319b09c1e2a2e12a35dbe3;65c0b0241e96f0dcfbefab84f41504ed64ce77be;d71dc91d1e85a86dd615aa439d2e8c4c;lzglnter.com;;83.222.191.130;
3a002e9eabcc629716e83e44bb3eaf261a0a57d7e15f9c69482bc707e08ad2de;548a6b249a9b89194a5a85f78e7fd1464ec53a06;ac95a1ead58ebf00c9ce5cf702acb98e;topprice.cz;;165.227.238.235;
240387329dee4f03f98a89a2feff9bf30dcba61fcf614cdac24129da54442762;f8ac123e604137654759f2fbc4c5957d5881d3d1;0c4374d72e166f15acdfe44e9398d026;info-gov.pl;;47.236.117.252;
7682b842ed75b69e23c5deecf05a45ee79c723d98cfb6746380d748145bfc1af;a6d924bc3dad2877866477e0bb5052e09f11c81f;bf340b3ff326cede17c688bc4092a27b;obywatel-gov.pl;;118.99.188.221;
aafdfe348d059037063d05620356cf53faa9a7bc94f69cea8ba3fc5da91e2620;770677b73457ad1066a9ddadce42fa64a7ff3d10;c3563ab4b29c903be9aa212d89dc4ac4;weryfikacja-gov.pl;;92.255.57.59;
4ef58d34d748aae0e1143faba71238eb9910cea26cbc530d8d3c125d8c60789e;8fd2e1854a44f7022e64e49ef1b00ebcbd8ccd6b;ec5949944c365fa50c40831db3f54aff;wnioski-gov.pl;;154.213.184.18;
f50b95b06989cbfd7009c6e5638f9636d9b19218952e14b874488f036338fe33;9beb52b3b4862ce8bcb875535dd5feb54f0c7eb4;fc4905c5a2534b66332f7d46c1a79aa3;xn--e-dowd-gov-kbb.pl;;163.171.140.37;
6cde52beca99a4d3229034960a459fab546547abeaaf652f9876358365a3a618;99a2bf3f66a82541a0477668cde1333f6fb595c2;89ac2b7f5a4a211d560a6f4a92ae2247;e-dowód-gov.pl;;156.238.98.188;
6b549fb934abad6982b0174fd8d0273a516d8c24f268bf225af2f75c338e14e3;516c89bf6f7d42d14abc153f76034ac633d1f57d;5c262300d707ff0db5a09421def6696d;bipgov.pl;;198.50.207.22;
4bdebee4a02762edf91962f6fc645e1fdb5a6b591b4ba3a860a129604c1b550d;980dcafbfc7b4572b6c7d04f9e003e961730d0fb;7360eb6fa33f74b3efeb63c8ef2bd281;cepikgov.pl;;138.97.13.118;
7abb769dacc146690a2fd639340571e064f00d0e6786e10d90b9618925900799;0b6d5b759dda564d2d3c82a189756051fa542fe5;e9e81158dc95db1689321f229f83fd28;cudzoziemcygov.pl;;179.51.178.5;
d9925628a0ef1fcc26b129405d5514ab224f012b5bb0a4d93398049a028b2508;c061471476cd98d715ab39f7165eb20bc9e19636;54bcaff9ceac4c73df6626007c2eb9c9;danegov.pl;;45.172.12.243;
9ab83ab5ebed13f082970b5d0fce98adf85892290c1eb9608959975acc4e43b2;9e7838ba2dc62433d6050e09adab7d6b529c8d2a;a4d814e9e97b93f5882a930d290a04e3;e-konsulatgov.pl;;163.47.37.129;
499fbb163155c9ddf1ea79a16f5bb1a752af4e25bfc4ad7e482ffde471b6cde3;7b6c16fd46a6858fcc0b8e33083e6e1c9e597bb2;bddf1c87f9f063cc690ac24a4dd5b161;ezdrowiegov.pl;;110.40.67.238;
dfabd534fc274ab0a1e52bab80c95dd61214fb235c8855d2f2ce609e89a11535;0102a1b4686434283f1b63a7f4b373af6dd1f036;1afea3b3ea5c80cf8441dd05d7a3c375;funduszeeuropejskiegov.pl;;154.213.184.66;
b1660b65514182bf97a767caa264b0500ef14692e69dae6ddca344591e7e016d;40702dc4f773cfa3fcf03c62ec810ba3f5e6b72d;921ac551fe8d88c2185f39f0e777eabd;funduszsprawiedliwoscigov.pl;;57.129.64.219;
afab912c41c920c867f1b2ada34114b22dcc9c5f3666edbfc4e9936c29a17a68;5c7b10241c27005b804119be34b18d9ae38c2d39;14e0a802b64a6ce08f1ee408655257e4;giosgov.pl;;79.124.62.230;
d4704ca87e4e6072526a67adbf5e5a752172e947a4e6354d962455b4dce37994;8e0a6fe27090e76ecac36cc7be25de7a551c029a;b40361fe26889021f4f934c9b68aaa0a;gisgov.pl;;106.75.86.153;
a1658b979357f174c83dcd9867941d8cd917beb3ea67720fa43b6340b27762ba;15bd1122fe1a910c3b8f255bbe74de5ffed57fd2;457a2d0c13db31222c66c3e623d88063;granicagov.pl;;47.236.16.115;
4d1c37dac45daec5880750b8499b337e6ccf3696bfd645c4e22f388001e79900;f16bd28f364c678054ea5c73651a668dfd68a5bc;9edc856edd53b45e9c6f84c2e65e1cc7;gugikgov.pl;;103.192.199.244;
0720d4b625951bb6c697bacd59f301dfb1a8d926ed654fb81797a7da32f5ce35;e6c7c2331ecc287b66910881e7e005b7695d9f65;a55712cf6bcf70d357dc232365089763;gunbgov.pl;;190.12.150.99;
f741c55254a7dd7b1481fa483cef153e885650b4c733eadfabfd3884816075e7;27c46b3a02b146bd82276c7e76e889f5076e28a7;51198e87745e12d2c46e1d1284ff1f48;ipngov.pl;;179.41.10.172;
203a30513a7755bda24bbf778c5763eb7fda7fa5a40b25e326d64b6844ac7e84;ead480dcde7c471a4c11a312d26539c8d6ce747c;74cda4f67e7d3b8e173b37c6d17d4840;kisgov.pl;;186.151.211.166;
15423c4a541f3697268b709b5d6fbe95d2d96c275a2377486112e552fa5af3fb;974dd0af8e9e52a3b83d0a929f42a2f124aa5408;c1fa419dda01dc91ed15bf95155c599a;kodujgov.pl;;154.221.34.177;
bc37daebb7f711ec338b45f587d2eb4b0c7fc7b6a3921e648177a2d1fb76758c;98e4ccc59994b51227f64f520e78ac32021734e8;17a1d1bd90b158a28f61f0f3158c814f;konsumentgov.pl;;163.171.132.248;
d99c7b8f7da88c010d01b405f401d5614f72ce6e2e461e889168ac11fa2b23f2;268b65a9657328082dc46fc8ce1ed5ae047a9d14;f4a7fdfedc8225f158c856c2ad031fbd;krritgov.pl;;185.156.73.55;
3c5589bfe3bf0d75fc8c2cdb7f8a983fa2366e4088b09809a9a5dd8fcd187b57;a87c56a3bfec68ccc862be49b0ad763bf66e0dad;84e0544145c4b306bac3fdd2ce54fcf6;krusgov.pl;;185.156.73.53;
7d806e18e4044b6fd3d6832663788ba935475d075190858a515cc300df6742c0;111365561d18f903c2759161afb6aa6771f61b6a;1011a25b4b4dcc822247cc8cb18a1b20;niepelnosprawnigov.pl;;89.248.163.181;
6968449d606dc556bd3aca8037ef107d8e0860662ee338ea8f1ebcf940c033f9;1ac08bcab52933b4d79d2d2e590313d2467c873a;50d1a28fe28005b4908a346c0f977df7;osegov.pl;;78.128.112.6;
73cb968fb1ea6b906d7d0ba098991af666da0f2430293561c08904b133a72953;65b03b1731d9700c9f21c75265f39d417562f198;cdd60dd4c991aa52e367712546669bfa;parpgov.pl;;89.248.165.239;
58e7f3915db6f3123487a369081961ed8e1b62ed1e0f3e2648ffda76e5cbcc23;d42bf2a2a910c704db291685b2f3b182a4483cf4;fe981cce83a8efce65245f52193065e4;pipgov.pl;;193.68.89.3;
9634C461C6D8A233DC616B4D86CB9BB323BA64364266510F14EFBC08BB4D2815;1805A23EBD922201C8DF8B7D1A87DE35DA0A0BE5;044774C3567BF7B96A200BA4FC05643E;pkgov.pl;;23.95.197.206;
A3E6CE0B4CAA18F5CAFBB34E8F1627C05E910FCD1838DBF38532DD45170227ED;7D2FFFAC6F323ECEC71288209A5D52E420BB5AB6;5995E94E01EB9A7622721E96608F2276;polskacyfrowagov.pl;;118.117.167.135;
56b9ff051e00c28e6823b287157b12956c9ee29aa243a4dbac155d1976dd5548;38b3693b46bdecc837b0a9c8cee526beca308f9f;70dc0efcffd9e874a9231683bed1ea4e;premiergov.pl;;80.94.95.176;
533387782b09f58cfe6edaf480f053ad11c916b99351d20bca9237b1744756f4;b6ee4235c20f89dfd4db9ab2bd7c97cabfc40f78;d4509e6dd6e648e3438942afd3b50275;puescgov.pl;;185.173.129.235;
63aa4b94125d5fd5621d354452e7f547b5937d099f3b92e1fc111f06136611fe;21144f2cc50349e444b7e69c3887e9ef2a380ff5;44f6165cfa4b24b2c59f413b83695c6e;rcbgov.pl;;185.91.127.81;
45b80a91877b6e1a2cb84f0908b0a7bc4a35d0f4a665844e754c8f2513dc1724;ea4b83053cac592aa8f7920b6301f05c807107b2;ed3614fffcc34c0b86316592a49dd317;rodzinagov.pl;;156.238.98.187;
be7174d976b85e9d86a0effca7942c4098381fb1c72f2663ddb527a42896e225;5d059c9cbded51da471b80ad02250033eb034aa8;cd961ef9e03295f7bb5a946108c8297e;senatgov.pl;;77.46.170.174;
2562820bf6bb2a2d0670c6233301b414ae293cf85536127ac63b2ebd07d8616ae89;1453d355037fabfc9c200022d189b91310fc2577a;5544900a527328f2e4fe7598985bc688f;seniorgov.pl;;117.50.196.212;
20be1f7f01d4f9f6518f7916da2916d64c5181a1f7692268ef25fd89ce4eb55b;fe941729a332f88c86a89f3af7ccc19065061c5e;239499264793bcd1bd902b858619f849;sopgov.pl;;156.238.99.187;
7070d6f99ca888d740a2afed42b65a08c9bb359e2114b3e8de5f95dbac353f50;86b72a674b9684557267d72185b3fd5a7f0e8d52;895be06894066d359cefd364a412251d;strazgov.pl;;104.195.12.40;
7973b54894ee0a1bdbead4aa4b5b16ac31467bd538679cdefa2f1cc5c530bad1;0504cd65db3676a8fed75f05e14b9cb9189900df;ce8081fa0d4fdbe96abed17449407ec5;studiagov.plstudiagov.pl;;154.203.197.207;
24753d9f0d691b6d582da3e301b98f75abbdb5382bb871ee00713c5029c56d44;0762a2db618f5dcc403139b671222aecb7c4aaf1;97e6abcad2140619ff150d6253f62b8f;udscgov.pludscgov.pl;;148.113.208.47;
b725a6e174cd448a720f179599290d3f014fd2d1521b8de1ddcf28193ba8d09f;0f727f35cded239371681678545328a25014c92e;649b5c913739cea195c7662ff412b8ce;ulcgov.plulcgov.pl;;38.188.161.5;
e1b43e47f89c9f157ac3447e64035321d78de568cc88954542a8fbdd064d525e;9e26b48ec1556700b5db91d7ee0da30a575b0523;d9df30aed9ed4ae81db0e33155823cd9;uodogov.pluodogov.pl;;193.200.78.250;
a70ab0045577a0ffb0eba5a2841f502a05f66af9f4c0c276295969ca28529408;7dcb6c9a1665701564b0f70fad87d9b98960563a;09a1c0af432e072fff2c86a5c83b7610;uokikgov.pluokikgov.pl;;103.173.15.100;
99ce15e2fc458d02db44d648a4b88bfff0043131b392475ad314a1f3dd72245f;40a3a4635f797e1436414700a3f6611aa9d7abd4;7d4798dccbd61d8cebb3f9541139276a;urplgov.plurplgov.pl;;161.202.157.44;
f9efaf3ecc83465b54388a804bc919863273881c1ef361d7dadbef16285fa111;8d9bf5c97812d6de9ef162da59f6cb34086c867a;811ddc126710cc0d93ff67ef289149aa;urzadwojewodzki.plurzadwojewodzki.pl;;94.232.43.92;
8e64df20b30b6ee7701cc74117c26134c3a8ab6a91fb4d7c08814a525e2de500;4e536d76b9576ef9f88657f2cef0b6c51a6c5e38;c43748409e01ad53259991976016699e;erecepta-gov.pl;;79.124.58.194;
ed7415b25b53b2f45b339345a7323f5d457e2102911b00952759056997bb6d42;cf87eeaeac73d9cf7cdad15d257e2ae3fa6ee516;2d16fd4ff7fbdf383f354d7952cf6abf;ns1.dzadzss.com;;79.124.49.134;
15c3cfbad0e3b0afe327e53605c463775ef2ae1d5c21b23928a2aa34b7e36719;e33e3736959953c3a49af9c3ccd427775dfeb087;3bb560cb690a91134508910178928973;nmfyj.fintech.com;;92.255.85.107;
1f41de97656b9567db858082699fb516514a1c7ac2cb3c047543ca71566cea98;66ee46d73644bc77bb8eabd8bbc3382524e35cff;a96c22902a9a7c5d4fc3282473297db7;greaudstudio.com;;103.169.87.164;
b0840f04d3b97ae3c5873249a3a2f6393be99c73b38bbafbb0c7e749d8cb9a9b;aafa461e75167de03424f1fec735747da39ec31b;ecc067775610688181f629bdb695933f;gravelrecords.com;;156.238.99.64;
5708e5be9ec5564f3f16b38f87b0c7a0178274ed580a8566e31a995a80e353bb;c1e10d41d090cb7d0505b46a1b48f3f533aa6aad;ac62ebbbf6ec96f48a8cca64793bf8fb;gtsouth.com;;170.64.196.32;
5b5f72c21b809f12b0528a2d145c60fab1aca272e3e4ca911dacd0441e4d17ca;7be2524b74069eaa04e1e0e3aff87e3c5b09cdd3;e76e5553fc8bb35e0e0a7a53b0b6c402;groncrete.com;;154.203.197.238;
4ead64123962cef061820aa5b0225b4aba0d8a049fa10f2013211a9461a05165;f12602804c7f06bdf1cf89f24d6e8bf109953f7a;ac925efe36f41701f76e87d50bb2ad5a;gunesoluk.com;;45.142.193.242;
5f957bc74d62b58a8576cc126a80764c0f03b7778bd0a4ab968a8bf6fed9975e;e06196458c5f9876035079cc167f281c8a0bda23;b17d3fddf1227ac3b176684dff40fcc4;bitmagest.es;;103.156.93.241;
85d535a2051a60c54a1f2f43ce8854f51a784e87a7a9a5a337567fe3296d81a6;bbc0978f0865a01e50ac36a349843011ca0070f3;940166b8bf5d266e590bfdf58d5f3696;zus.info.pl;;51.195.148.209;
7c90ae17ff566ca8b5fef5903dab4f0a0c4382354ffe1ba9e4285bcec735fa9f;e61899b32566e203023dc8947c5d9d27b527af97;ac6576aa4888bbbb8bd2598e75f8b6d1;srodowiskogov.pl;;101.228.73.94;
f32f7005937b4c94ff31996fde6a0843c05bfb47458ad29a15ddf3fb70c435d2;8e09353697169cd3caaf49a008d53ade63b25526;287073f3d2c3100ba375b7bf0db3b0d9;mswiagov.pl;;141.98.81.26;
280e118484090c0a9788dcad52f37995822757f44d230c9ff042c3507d8e20a3;7b3871b1b077f764175c6d387e846372128a89ee;e6dcf6b66b611ffb7d2bc1a8045bf41f;naukagov.pl;;103.156.92.227;
2346a1bdc66b319e0cb751f7c8aea0c5164917d30a349b2a1a8d0566fbd60671;077d1ab9d2870562be9dfa431ce6651aa6179207;16db1dad94d7c7bff556c87395af1a94;fr.surveymonkey.com;;154.213.186.79;
8bc50a0f034162a203999440f7b107d6d3abf08c920159de05b44dc9bccb6048;fdf8551a560bab3e80e898abc9a91a7c5b3c9df7;05e42b7454afbe6a98da503cc6463722;autodiscover-efab5.web.app;;156.238.98.125;
b39cfebe559b1f856fc2a943a238ce508432af691f144478f45bb902bc6ca58f;d82c3a7982730a62c366267559d3e451386b4e26;b0983b06dcd510566390d9eb652b0dc7;srgov.pl;;103.139.44.124;
89aa415e457a15e7fe7c4976af111baa6b51f0f2f231d0b60f92f65a31ce5a74;7139f6345af3594e974fdb404ba55adaf6b5823d;07288871869adadcf575a6da0c7428a3;sogov.pl;;50.61.47.249;
caea1724021ed70b20edb2cb8b4cbfa7267b4fe49c194a48384ac25a10c26b6c;08f2c5fe4afd2ab0fe2d89e9f18a5cee4e09ea4d;9ab395e6a37cd5793baf2704ceb5260c;mzgov.pl;;202.61.204.188;
0089a67b8891a809e2c7699b1d97e0d1286756c801aecc20a200a13b049ecb94;acb2d22c4a94ffa77422868a24118fe943f7526e;a00e24b88a7ffa3e82d9fca15e0c46f1;pogov.pl;;129.226.35.202;
e1f02da811a5c90866a7556f88d5e37c769493383e68cd3b2e2a78fbad306931;f515756d18e5e9e74dec174047d0aaa63695040b;7b2370068cffc8d2149a97ad0993ecfd;wsagov.pl;;54.37.81.238;
d9f777dd4895b4903919ba3fa50e260a2f13ee17fb223f01f77478ff9a4fd0c0;d7a6297e13929c3eb178acc688d9e1a2a6210d76;1be930564857470829d786992202c3fa;danegov.pl;;59.37.171.171;
a0692aa3e854e66a73ecbf58e2b869ae05550dfc7d1d42750634f8fff054ebea;cc9a80e575d08c06ce52c7571194368a2c109c70;952321603cac4f82da81425b1d97ea48;parpgov.pl;;154.213.187.39;
0543a00244a55da6fbbc6f3af9d22d95128174e88c63020ca1d8c27445ea43d3;6f8cbdc5fa7e97be7fec5a667d6259aec3734ff5;2e2b4d778430a511be7f165a18739ac2;kisgov.pl;;154.213.186.24;
5a808930b458b2565404ca750dd45eb6b8378d32747bb3c9f954d2378bd9eff1;5c98b0b4026046a29e3799d1924fd3a42f38cd8f;ab9d68c20274f241165a3f47930bf92c;senatgov.pl;;208.87.242.23;
74336b753bee56d595e5420bccaa26e0f124200cb5071e853983118f49009654;9bc21fe6fdd7f252734d0a6399c8bdaa71526ba5;f0ab5f07a02cbe6511ae426f9d746563;dziennikustawgov.pl;;199.167.138.119;
cbcdd62f7be0873045435fc301fc15b57b17e2e29801cda1b884d24909f68be2;6ee4d0869ffd18ae0e88838055e45d94fb7aab0a;2892d90f2ee7e9a38e5acf42d283e64a;ulcgov.pl;;199.19.95.81;
b9f5d58f514d84db1f4bd429be5188d2fea106e03256b1e4c16e16da0e191f21;3c336a28d034ae0e43d0350ab8d3352be616dd85;6944382efaaa5a558410b5a3f5606dd5;ipngov.pl;;2.88.135.240;
04c6eca82081f7553126f32ca9fea262f99807920225f1d08ba30013ae4ff0e4;87daf9c76b0f36d0eed74ae947ffa23a1ef52109;ffc45506d785c2a2dc1d283599cc2df2;konsumentgov.pl;;195.154.176.7;
fa39ea16eea6b93a1b4db9dca5fbe7baa00565f56487a8d0eca2d258678f833a;e41df35d3e016931f2ba7e1e89d70988f8e37353;af89d173573768333081f0e6f8081d26;rodzinagov.pl;;194.11.226.42;
2f1d9150dadc2e62a810748fb41e39128b46982dde1b10e61e8912a15f92412e;3babb8fe7e22f102b0f639236014e19c6f036238;9d4f55599f00f2dcdd024da49f356eea;arkansasrama.com;;89.248.165.82;
a1810ea2a551f8ae785560a9f34a20ab13fd70f0c8154b0fe72678b56e7a457d;19dd9a68966fd17850dcf9f589ff9cc97c365979;15ee47e553fb1801bfc669502fc9e340;winsecuritybuess.com;;185.224.128.88;
6a94e8eaaa10d0324ccb099fcaba42420078047bbb72195de2e6a94be9ec0706;91b13d548b329451bc72e6227c8ab7d6c34e25c5;36a47ac43e18edc49e7433882c6b8b82;softzbh.com;;156.54.171.70;
c32016214bcd487bfd5b76a6d3551ef39f766bbfff4daab52169165e2c411cfe;8238af401a1d4a73ddece36bd181824bce1d93fc;0e533493ab7375980b2578b9147fbe58;wonderful.publicvm.com;;98.159.234.3;
20c348d09305a7aff80b3967175a4f7a3c7debfa8a9ae7fbf3dc4bf31f0ec9f6;13238034c80de1242efa4175182ee7797c77a3d6;4e1dc0d2e17e635f67331b851f251cfb;leanproconsulting.com.br;;98.159.234.18;
ce780391b240b5fd5d7174f05d9fdb67832875931b790f45a219db9383998b84;f2ef42bf33a54945ac9ef3277a9d38423960c9b4;27afdcfd34607d5c2dc5eb97b44fdb04;awesents.com;;176.44.126.254;
1402120c42a08742d48b8ee9c52457e3f5051048e6ae49a52c9f15b38f3653f3;71e6b533c3f7ec18da84b255ae76901ee21d3e5d;e5ac87a9f9cebe7f15f90de5adb40f6c;alfanalytic.com;;83.222.190.190;
b30c0cf953b23ab5cab0617148651fcf863b6f38dd706bff41201fc28c3d5cfc;1753a30e316ec85d99ad17957df45d539d5a66ff;98ddabdff255c48ade5371c515d518cc;ilimennt.com;;129.227.64.254;
9e1a32465c949c7cba828535f48147d77238325c381618729624e64a1b53173d;950e9901ffac5b7c0cdf253b6867ecca08866cce;39162929e543642625038d95874ff0d2;contocontinue.agency;;185.42.12.240;
4856e75e63f0c5c14255001eefbea1d88c99fa8b7279dd0703a407a90b222b93;0a4f341f4e9b399fa37a42e041bb3bb3b6f455ff;0a74cbd4246a6e11077876c572a3d507;accringtonasdxc.com;;145.239.202.22;
12cb2d376ff851b5fd9c84646c29c5a13e086e542d5c8c247ccd127247c7cb24;0f69e08f761766d60a0884fc2b88258c78116322;c665a5f0a16497e73f40203a95baa253;donaids.com;;194.180.49.218;
1547396c036c6fce8410e81441fd61ddb5734dfb47568b3a6d7fef4f6cbdc1ca;ab0404fb2eff51bd95d4ecd067ac779eb4d6d4e8;c93aaebfb6915c423e34f4cb71f05814;uliconp.com;;194.180.49.216;
b9e77b8050d7a131ecfbb21e68e6300df0d75579fae917b6a0859469b3869808;a2a0d2322a8e6793c4dc4556f52090a3b4abdd6e;d047e64a2b3cf66d168e0af3b25eba0f;onembr.com;;194.180.49.217;
2ab81ddd9dd9c9ac1037d054db9a444547212bff5f46795eb0021f9cab4e9cf0;81f677df6083e41d1489c4a19e421177d1d91bc7;9d8a33113e892c3b6e9bf6fa0bd54d98;microgbm.com;;194.180.49.220;
93f90bccb214745fc85c202b48542fb71f654eeb8d2b5c73d473f27ba0daa6a4;375576b506e5ea0b511a682d99890c57376064b0;91866c015ef7ba99a5f145fa4be4a08f;www.leanproconsulting.com.br;;45.156.128.126;
01352773d66a7833f189340a97c9fd4934a33aec0ff4ea72139c8838a444d5d9;04851960fd00d59be6d8caa82cfb8001043d6b8a;40a6b28dd6ec7c14c3fcbef5df61a614;tapavi.com;;103.160.195.158;
52cb6436d5ec899e635a2421ceea825335f2ec6721ecceb344c2e1ba10cafba9;173177b44a381d1725178f84af517feed4350b78;9a6e1c15bd213fd9955e104ab13345bf;mixalt.com;;109.205.213.30;
8947b59e82b1518358d0cd119d2b1f9fcb732bb84b36a3ec6a3eaddc2909f67c;0ac53eef30d37c4788fad3421e03a0aeeb8994f5;b6b11ce450f713daa2e27dc07c2652a7;gorostama.com;;109.205.213.42;
68d2f4e2dc973bca07cb1e79a53a8d4583f0d717592343e57906c537ff298ecb;47839f702826ae7babd3850c9dabcc59f1ffbccb;d123553bafeb8829abec88b2e5454c77;winsecuritybus.com;;154.31.19.123;
55aed03e89170a5d23ecff52a4f5a8ea81fa921aa37d19c3d807c7b2078cf3a2;856585e784b7280d136b8129553aa0ad92a8ea3d;a2c76f1d92fa89671867f90986a86a87;independencesecurity.com;;108.181.5.46;
e0adfd4825f34f4a9da2092f907ef4e4caa7a8bbf3c8bc272d5dc63f9dda5380;38cd339eb3f4ddd1cb56c66319edc82fda0f6746;22d19027627b2ee696f4a4cb4fc65355;sysauditbusines.com;;108.181.5.70;
40d56f10a54bd8031191638e7df74753315e76f198192b6e3965d182136fc2fa;ebc46df86929898d0e5fc85d8d1d22b2c61c12a4;578b84715217971fa91ece8674693a8e;exrap.com;;195.211.190.106;
500241e1d85aa91a80977c632488a2713e0e6eba77525e3373f267c3e0e5e5dd;204a46cd4364ddb0821566024b9de963d306a243;785f58ef9aaccd15286a112974cbacfd;postformt.com;;194.180.48.101;
b720d19f181fde475d7ad19e5f623ed17bae905ede9826ae9033ad9f36b0557f;c0740347f9a3694fb99dbfd5f736960b8abdd12c;2a64d99a0646419345e02e37dd7f6ff7;securitybusinessthin.com;;109.205.213.75;
25ed68175c29bd77c86f7e576e85fe500c2251b8c9c0a5f54e138bfa5060f115;39d52e2eb121b9bdacef8f5ec2b8570d2d9909a9;9b959d581080c28b9f83588dcfa79deb;swisspost-tracking-parcel.sirpryzecontinentalgroup.com;;109.205.213.78;
d7cfc3ea3178bdb4c6b1d41098aeebfbc92d8c7fd44b8da46d67150b394addd1;5c4f11ecd2dbb64afcf9a757b81fdd82381669cd;8cd1299e254fb5032e736d534b6dfb53;dimentos.com;;103.99.3.35;
aaf78e66dcc536e5ef8336d08c0464c609c6cde8a50719cb307fbad994e28f46;5258eb5348a158b8d2c122b697794036778912ef;7443c19188f061c87f969d38a032278b;ziancontinental.ro;;5.196.196.198;
8b68d05e339a37d38b051ef6a01f590c944a8eda9498b57526b7b6edafdde69c;c1308c711a67aea2efa2a5b88f4d1d676b869a03;fe7d49735b0d980896a7d988d5d70d11;gmbfrom.com;;194.180.49.219;
2097575a24c56b4115b51c27976bd239ea8b2081a548518d2ed8d6ef65a463c9;5199f0e9905124521731db295670a42d4750870a;80a64337d400cb97a07816e0fdcb5d1a;mail.continentepecas.com;;46.105.70.190;
55d5df9d3098d6efcc25b240985caa700ce1439e1ca1c0a8a58b844bbd33224d;bf184d52673de1a70caf41525498b70439317eb7;46ab92aefc9d5d6c0e305659ff61b538;gapsecurityauditwin.com;;194.180.48.69;
e86d932d27010a2dd962b7737f6bf8c32800a8af75123e6270b739395195dbe6;8fd8bbf7274a93e21cf43aae66c8e8325083c331;D472249D3681BACD4B1E02E67CE086EC;auditsysmonitoring.com;;54.93.254.183;
a196c6b8ffcb97ffb276d04f354696e2391311db3841ae16c8c9f56f36a38e92;189166d382c73c242ba45889d57980548d4ba37e;5d5c99a08a7d927346ca2dafa7973fc1;winsysmon.us;;59.48.150.86;
dcbbae5a1c61dbbbb7dcd6dc5dd1eb1169f5329958d38b58c3fd9384081c9b78;16525cb2fd86dce842107eb1ba6174b23f188537;14c8482f302b5e81e3fa1b18a509289d;securitymozes.com;;133.242.203.14;
ffd09676124de347aa2a4a8fa70e9b7d729476ecd3ed148a1669b384cc7b9507;3abd30df692c8eea2e4b4abe6cc6b21b405783f4;a0315cfb493b32470be9a2b2af6bf26e;bmwfor.com;;89.248.163.214;
35ab54a9502e975c996cbaee3d6a690da753b4af28808d3be2054f8a58e5c7c5;ea65565404ffde218ebccaeaca00ac1a2937dc57;56af47c87029b9fba5fe7c81e99cedca;streamdev.net;;94.156.227.155;
923eb77b3c9e11d6c56052318c119c1a22d11ab71675e6b95d05eeb73d1accd6;b2d863fc444b99c479859ad7f012b840f896172e;b3370eb3c5ef6c536195b3bea0120929;appexistence.com;;14.29.115.177;
9ef7dbd3da51332a78eff19146d21c82957821e464e8133e9594a07d716d892d;82d29b52e35e7938e7ee610c04ea9daaf5e08e90;e61518ae9454a563b8f842286bbdb87b;jkwebdeals.com;;14.22.84.198;
d9f0a18c7bc179b851de9373e737cd7b31fada91470f8d7449cff12eb9058692;36b54db83555a4f55150a74a3e62468898787637;3a13f9ab2cc75037e2801c6de8368433;beeline-dev.com;;51.20.51.146;
f64e7c948ce8b84897f8ea96a9e0e7662359e9820ffb24f45489a1db2c8178fb;fb8ec2a1997b0de52fb375a7172fcd66c80d24be;6e769eec6517b2dbfd1dab84e7220338;iffysecuritybusiness.com;;27.124.4.133;
dd290e6c8cdab0540f36125f6243e56cef1da3f21bfd69e3345b25b705d5afd7;35bec81f41295f54fec63c0933536ebeb8f68900;566497e56d1ccc0a1125eedd66794be8;consecuritybusiness.com;;45.142.193.55;
D654EEF5D0644861B332B48268EBF0824A502E393744BC352481B00D55DFA6BD;ac6d0cd4d9f55bd5cbe70cf2b5f93aa76723c359;A8A33ABC34B40163827964AA09B6A557;fistauditbusiness.com;;49.51.75.157;
D59CA893756359EE57650FF793154696335B5F349544B228F2522C07003A0A82;ea3888da9e25f48a873c2bb71ffcada83be449a4;80C9215F08501512C20E058D388BEF4F;combinesecuritybusiness.com;;61.74.135.124;
6D14E64B76014AEED67C97A255096122B655BC4FD041ED46955B00EE136A5917;78bff1902a2fdefa49b55adc112db785c91dc574;B5185D4CEF6F70ECC0D3A289C2C66158;hearingsecuritybus.com;;38.54.50.100;
10fcf85b41853da43a006c56a60173427f7b31f11cfb72e87c8bf5d537c59f8e;b73bd3db3d6bc0ec997f891123c2940ae93b2eae;6db0efc32c069008713701ee4a41cb0e;investsystrealestate.com;;77.91.65.231;
632839f616ddf8405755039fea2f7fa8340e6100c93860c8bfd826826bd29c37;1ab71dba0012d3652844d66ac267fcb6a1c4b06c;de7c451d9acc01ca4c5719642755f77d;ratedupwin.cloud;;57.129.64.10;
0522ac127ee2a08f6d3cb2b19269253713b2e26d62f4822d86464dcb0aa1f4a3;adff992819741a70845076797ce9a4187d2e9013;7be050e2b8dd95c2114d0f8d921125fe;investmentnowwin.com;;3.67.7.129;
765664c3003b1de5cfb95a2f04b48a65fd356a40604f75824d6aa04ee6c9fa0d;bfbe2c36fe46e594d9ce1177ec82a0cd73176974;f23adc460a739a22a721455c278fd9b2;winsysecuritybusiness.com;;47.122.1.177;
019762a8c0b45dbf731862f6b5b6607d1c1c6b44141acbb6d8f3ca1d0cf5874f;b08cdf3fcaf0dd1adea313b60b08da15e0723efb;e263f3da8db57d6c05a9707737bbae1e;healthcarevw.com;;34.223.206.113;
23c2cacbbcda7d99df7769ae00aa841ffde338bc51797be2f08f433ee28f2e31;d082d1e6f700851b46ce431ecb9a35d7e6667356;4c1d1377c86bff57d0c0d7affc10d226;groupitllc.com;;3.113.34.218;
be8a60534d2da76da0afedf764981f793d795871b8547ac82127a585d6f20ad9;e94b66a8f52b952d90cf5ca5b09253396fbb9cd8;b5833e025c3ab3037db81fee0947e06e;strcabletech.co.uk;;198.23.173.226;
35359c8b5bad9add452ccac9331bd4005ce3715151a3e631094fd012117c777c;5385b90f88767fa844c61e6beb40530c67d5a246;3e33b9493084c7305c80fa1fea28ac53;minutesecuritybsness.com;;198.23.193.2;
98686e602b5f75bbceb801ca315617579ad9ffe9e2df66d49673ea35a7e1f343;10e7c48a109ffbe60fa7ab3585c4bd711942cbd2;a6a676051f857d516f6c4bec595a7cfb;investmentreaudit.com;;1.71.141.169;
1bc44eef75779e3ca1eefb8ff5a64807dbc942b1e4a2672d77b9f6928d292591;61b25d11392172e587d8da3045812a66c3385451;3f4a16b29f2f0532b7ce3e7656799125;livesecurityservice.com;;45.142.193.124;
e5f3ef69a534260e899a36cec459440dc572388defd8f1d98760d31c700f42d5;5ceebaf1cbb0c10b95f7edd458804a646c6f215e;a952e288a1ead66490b3275a807f52e5;observermonitor.com;;176.44.65.9;
50df5734dd0c6c5983c21278f119527f9fdf6ef1d7e808a29754ebc5253e9a86;3adf9a59743bc5d8399f67cab5eb2daf28b9b863;d01e2c2e8df92edeb8298c55211bc4b6;goodspaz.com;;85.235.142.79;
c082a9117294fa4880d75a2625cf80f63c8bb159b54a7151553969541ac35862;c59bc17659daca1b1ce65b6af077f86a648ad8a8;bbb76de7654337fb6c2e851d106cebc7;golfcdn.com;;109.205.213.5;
4e69bbb61329ace36fbe62f9fb6ca49c37e2e5a5293545c44d155641934e39d1;7d61c0dd0cd901221a9dff9df09bb90810754f10;3c9d46dc4e664e20f1a7256e14a33766;protonmonitor.com;;3.67.7.211;
ff17ccd8c96059461710711fcc8372cfea5f0f9eb566ceb6ab709ea871190dc6;438cd40caca70cafe5ca436b36ef7d3a6321e858;3f22c0aeb1eec4350868368ea1cc798c;financialsecuritywin.com;;194.120.230.215;
08d7cef89f944e90fa8afb2114cd31dea1dd8de7f144ddccb6ce590c0738ffc5;3ef9ec4ac53c5275aaf53b6a17fd5592d30aa6c6;0d39a2d114af7bf45e1b971446be3980;reasonssecuritybus.com;;45.142.193.185;
d3bc27832facd166370f3018cc93e804f624621372c2faca19aba739438bf959;40a62a1bed2971d7643251e1381e22ed60d672fa;1a31ed337b869629042d4a5cfc17df6a;kcsmn.org;;62.117.112.34;
f8ae7ac740b86506c4c7564e62304d7059bd5b824f719a0b5ef8a489e902bef0;e15200b44b300af1b17b03373e4c307ca92f59d7;b4cc902a5b84218d5e4b90ad09819210;mail-nepalpolicegov.hopto.org;;213.209.129.67;
0385eeab00e946a302b24a91dea4187c1210597b8e17cd9e2230450f5ece21da;912342f1c840a42f6b74132f8a7c4ffe7d40fb77;84ba0197920fd3e2b7dfa719fee09d2f;bncontigo.000webhostapp.com;;89.248.163.239;
b01e0c6ac0b8bcde145ab7b68cf246deea9402fa7ea3aede7105f7051fe240c1;0231721ef4e4519ec776ff7d1f25c937545ce9f4;231b3385ac17e41c5bb1b1fcb59599c4;sirpryzecontinentalgroup.com;;45.132.194.25;
b6f2e008967c5527337448d768f2332d14b92de22a1279fd4d91000bb3d4a0fd;9c2e465e8dfdfc1c0c472e0a34a7614d796294af;095a1678021b034903c85dd5acb447ad;continuum.za.com;;185.253.160.132;
fd7eacc2f87aceac865b0aa97a50503d44b799f27737e009f91f3c281233c17d;ee764632adedf6bb4cf4075a20b4f6a79b8f94c0;eb845b7a16ed82bd248e395d9852f467;ugagriffincontinuinged.com;;45.132.194.19;
4dc13bb83a16d4ff9865a51b3e4d24112327c526c1392e14d56f20d6f4eaf382;f32d791ec9e6385a91b45942c230f52aff1626df;d5d2c4ac6c724cd63b69ca054713e278;checkcontinue.com;;109.205.213.103;
63625702e63e333f235b5025078cea1545f29b1ad42b1e46031911321779b6be;b82bb1e2778a0c9ff7683435c21fbb92c8f87d10;f1a33b2be4c6215a1c39b45e391a3e85;saldopresentecontigohoje.club;;109.205.213.102;
eae876886f19ba384f55778634a35a1d975414e83f22f6111e3e792f706301fe;596f1fdb5a3de40cccfe1d8183692928b94b8afb;382fc1a3c5225fceb672eea13f572a38;heavysecurityaudit.com;;3.67.7.238;
a6340343d0e75f2ca14fdb9939b63c1b95e12294d095ce3e475631aa7e18715b;d446294b4c5177553aa73fb02bcfe0218faa4e2f;decc2726599edcae8d1d1d0ca99d83a6;mail.continuamazonloginverify.duckdns.org;;62.133.46.5;
59a9f0de96eff57768e995b296ae75778a232f30d95a7b7ab5048c621b50c66d;fe07a28c93a95a3ed4b8cae4fba7e5f232da14ee;1b7c22a214949975556626d7217e9a39;duckdns.org;;45.142.193.134;
c14f8bc656284715516f26935afe487a1d584f56ffabbcb98f2974f6ca6cd3a4;68dcbf15e926bd239026ed065471d914c85f9c75;7cd631b60f6dca33f46163f39f37868a;seewincontinue.top;;45.142.193.119;
86afc2a355f803edc61c4666920c6fece62452474f80ed99b22cc158d8f361b1;1d125595b5d3d6c92289d23e3687ecc883171156;33384754a17c202e5bdce2edb32e14f4;continentalgoldminerals.com;;80.94.95.240;
10647257df71ea293dc1b0ac7eae8d1a50e2305469a6b0e1101a471d455385e6;cc20707860a325be25d73cea81c38d8b8b1b5a69;8a9983c47f23899f017f25c531b620d7;statesmancontinuedeacon.com;;185.240.102.120;
8f2c2f88afa0fe046f6d7cebad058a19aa9fd2e4823496c0bc7a111010d49d3c;fd3992937669f43462e817094a5cc68781edfda5;8a9983367e77a2f6017e781b82481841;vwvwcontinentaldigitalvalidacion.com;;89.248.165.83;
bc413e02defccc55f1c9925e9cf4fde4a714db1e06c6e021ddbd4b15cf2613d7;1b3611aae8621f1d135950841d6a6a8edab7ea4f;8a9982697f03b850017f075be613404b;apicontinent.ru;;95.217.187.95;
a84f05bc5b90b4e9b195a27b5d70d3f6c25e8300a3427b603a69703d7094be8a;f62749398f99ad881cdce2e5ddcd70d8658d5d52;8a99828c7f22b912017f25ee228c46b4;continental-grp.com;;83.222.190.38;
a03a6384c0bb13cda56d8627f63fa4cdb170bab9d13233eb6969ad3508b0f25f;bd468f6886b6a4f16e65ac3c333c335bc34ef395;8a9983c47f23899f017f25c6e6e02101;swisspost-tracking-parcel.sirpryzecontinentalgroup.com;;83.222.190.50;
b0d409532c5b14c09fa6f27e733201964b5bdd00acf0a82dca2941ed4b06b167;e66afbd1c0ae3dbbdd170dad737952e728b35a9c;16e61624827d7785740b17c771a052e6;vijayintercontinental.com;;83.222.190.62;
0690e84310a1998ee2f9c77c30e3ad13b7e23671e33ff339f5492aa107f2e0da;6d556b7440b6d05272d70d2f93eea37c6b82041c;14e35df7a2374334a5b339a8045e17b1;ncontinue.fun;;83.222.190.66;
4594624a828fe7704559f90a45cf1db38a22ddb5e856a2003f15a3789d75e1ce;c4bc5650e26855bc7b54da693ffbbb90c088268e;c3a09b1021db303be11759c4ecf77ad6;irs-taxcontinue.com;;83.222.190.58;
f207bae1ecd8da04386b7b3c8d639d9b223bd43c5dcd7a654fbc86a4e5ba26bc;a392c6c5f0d045dcd2c5eff9f35646ffd49b5ac0;1f208196280f26d0e2585b533ce4328b;hotelcontinental-khenifra.com;;45.142.193.244;
040d4c1cbaa7ea9e13001fb4c24c8c3f524e92bbeaf3f844f012e15543d80891;523a762e0a52bf390b30b7a48036f3e5f0944876;7504ab203b3519f2bbdaff50f0fed07b;4continentsofworldtravel.org;;83.222.191.158;
07a230dd9a876b24701aa71cbb25bfe1e981ff68f96d3369d26cf2902b7bcdfa;a4e9f9bb9522c6cd39e18cad1f824148350ba0f6;7ee97121f778c1609c35ad8c75ac037b;continuehere.gothroughinfoservices.duckdns.org;;83.222.191.170;
5ccec9e879ecb5d41e79eb9695e9f63a224384bc9ec229e18d168b163f1cecd2;c6a2fedfa8225ed9c2aa42191f03cf1415aa4dfe;196b1e6992650c003f550404f6b1109f;vvfhfc.seewincontinue.top;;83.222.191.166;
75f83a6f00530493c8a0acaeeeccdaad54f9255fcb037d7d560c4d17af97ba7b;eab64414438e1a78b04a7a7ac2e5ba48b934b0e5;e49fe89435297f1bca1377053eaa6ded;bpconti.me;;83.222.191.78;
02a48a9bc681257460110f805dc7f93b9183cba143eae47594e91b38a64c775a;6c68afb38da7e0c9908a5914e0d91b15d9038cc0;107030a763c7224285717ff1569a17f3;continuetrembl.top;;83.222.191.174;
5e1cc282194aecc0e1b5841ac4c15f9b0e4fdbc3396a3b53ffdb49d537cf24d7;d55a0ad814af997fe6be113a96344b965572e2f0;15e280ea9d63270fb89763514cdcabf4;continuamazonloginverify.duckdns.org;;116.202.226.100;
403f71c2f75573f78487e4da0a902d646c945603e7e08a792bc40d056fb01800;51273e7bc61fb4daa20ecd02733c74df85c97ab3;d19cc8e03f234893ae33972d946163a8;continenterealty.com;;194.180.49.253;
1823cc0942f3b69eba813792682416e7a4d2eaaf01aeab2c8953241732511635;e0ea211ebed06d18f05e715024c734667c27c2c1;802d8b9fe13f576163deab429754ca0c;conticustomguitars.net;;104.243.23.43;
26d534ac2ec07783231638254551b2561b5c1c25fdd7d4f81db50a88696a17f5;bccfce3363fdeb98012234b098427f9903d42f42;beffdd959b1f7e11e1c2b31af2804a07;continentalshippersltd.com;;109.205.213.203;
12811dccc6099a565151632b442a98e0b87421c0af338afc0b13ee2327ac96fd;cf247347bdcd8a0b5bce9b1b830fb7528c200d11;f64854541890b09f8ad4ae1d704ca147;pmtogt.darkcontinuebeat.top;;93.113.180.118;
0f7ea4d3cbedc12864d5ed05891c809b261af3f50e9dcffcc54b24bfd8740f02;4e5f958fd6e5fb33eca901af52da370ff8ec187d;564e7cd76251a944b4d3fc6cca34f634;vinconti.info;;188.17.143.44;
6d11b0f83d725b745fc10a5224ce4cb0582c7f4e912347f681f1fbe599bb5c27;d675b7d5bfa72ffac752b3c7628746261febc342;d9f5a846726f11ae2f785f55842c630f;continuousharbor.xyz;;168.119.38.25;
e64e350861b86d4e05668bc25e6c952880f6b39ca921496ccce1487dbf6acab6;f4b83a63842384006b7b2fb061dd26d38356a7da;4a03238e31e3e90b38870ffc0a3ceb3b;continentalprintingsupplies.com;;99.83.163.150;
dd4867c49f6080ac516b290e9dd1f131598b0222d038afccce5af55c133bf92a;1018f7e5f354b082427d131dbb1470893aa3d6b8;25b1c7199519b31fe592dace54e119d9;cliccaecontinua.com;;57.128.230.106;
58ca4e482db7cf5c924256e53d8516d422e76cf4b85b43dc2b9ba0c7cb471ff7;ab31613ceb08db6aea6b90370e259be1e9243070;087f82581b65e3d4af6f74c8400be00e;contitherm.com;;149.104.32.108;
ef870eae64e28ebd71c8ad909af39ea9a072256bfd634210f4de24ded5a3304a;5d7383657057b7db73eacbaec050ac4abe5c774d;aab5cafd49ef00dc5a787621d117cf2d;suziesfightcontinues.org;;57.129.64.237;
1ce8a939b3e7d84c59c12dc9e1091532f4336dac533847b6533b01d9dcf494e9;cfdd6e3a69b12d43af94cb0441db3e1ef93f74f8;a780c8eb7ea72032d71574081b7a265b;willtocontinue.com;;3.124.123.149;
3995502a85cc12c6962740989c4fb800d514bdf2ec667fdb7e4c8206adca0235;36f7d4b7e506be4cb9ec9da9799d3569f2dab048;39a64cb29d4b59fa531937ce006028b7;continentalstrap.com;;188.48.94.167;
b800bf6f11170ff68cd552484fa144571069513adad2d75ac7462b126b5f0816;3425776e40587090fc03c448ffb3a25926c49718;e1b49ab86aa640377282934610389ce1;continentalholdings.net;;103.174.28.43;
e7ce83a1a5163487d86538344c4f37c72a795b07b03a40db7d36ec81a442d685;0c3603f4f1e386e7af030e94f24cfa71a27aa4e5;d307d38876fbe92cd7222918bb9b3726;milhascontigosemprepresente.club;;149.104.32.116;
d3c75c5bc4ae087d547bd722bd84478ee6baf8c3355b930f26cc19777cd39d4c;a1f27e6be62bf0af7d5bff447156b3413f0d97c8;a42c9b70c7f970d3461bcb997f3b3a2e;locadoracontinente.com.br.dob.sibl.support-intelligence.net;;149.104.32.115;
a5751a46768149c5ddf318fd75afc66b3db28a5b76254ee0d6ae27b21712e266;6f42c15c43497b79ce5e0ebb61bb68a8649d9bd7;78c374df5c884363b46454a5ffefb5d9;continentalpetcompany.ca;;85.111.86.116;
c8b1bb5ea01880b26e0d061216f6a408be85234e6deb241634017183adddcb2f;08d9e14e44793b4c5800d863099cba7ebdb14d2b;d2634e717ab94aa30abdf45cf9f3d12c;continentalbakery.net;;109.205.213.7;
a7bff21d2695168b3f4aad1aa084f3a986d074a363ae52c7545536a98f00fe63;848b59e29228e2402d9a913dec1649ac90cc65f9;be145d6074d7c013b2008dafce4138f5;netcontinental-mobil.com;;92.63.197.236;
d1e0164c68c9ee348c437127c3a037d08767e9be5aded7a304bb1300a4a1aa35;2de7653d469bb2846a68775220b784153059e051;fb3de0512d1ee5f615edee5ef3206a95;transcontinenta.eu;;92.63.197.145;
14f9538dd611ca701bdbc6b34a0562e8b18c2492ff323b32557b36673434541a;b5510bd27327c7278843736aac085e16a508ed99;6ffa106ac8d923ca32bc6162374f488b;continuedcarepartners.net;;89.248.163.61;
ebeca2df24a55c629cf0ce0d4b703ed632819d8ac101b1b930ec666760036124;854485ee63e5a399fffe150f04cd038d6a5490ef;72a589da586844d7f0818ce684948eea;continentalseguros.com.br;;89.248.163.48;
5c5d05c4dcc9489ed527a1a607f0e2884d10558451662bcc849e36da7eca570c;61610ffe801bea62527ed7b394b0499cf38b169a;6c92dcef27031d22cd1382e050a3db56;intercontinentalopportunities.co.ug;;92.137.108.189;
7c5c095f285a54538576d4807b8fbee6bba0ab75fa33caf02ba7de8d7705f102;b44fbc47d764e94a5d4a51044dba56997772a329;ac4193280661270122af88631fde8062;geotrusts.com;;3.67.7.168;
03b9c7a3b73f15dfc2dcb0b74f3e971fdda7d1d1e2010c6d1861043f90a2fecd;e026e1f27d503a23aaab354c1de6e17d4c6a2b1f;c8ecb662e44e8b5bba818086edd67ae1;secureclientupdate.com;;104.234.214.242;
707b752f6bd89d4f97d08602d0546a56d27acfe00e6d5df2a2cb67c5e2eeee30;1e03444e8954f8bc34882dc780ceb2e4e3426d22;b7b5e1253710d8927cbe07d52d2d2e10;businessdailyafrica.net;;46.19.143.11;
64a3a3ec70d20636299b8fe4f50c2b4d077f9934ee2d6ccf7d440b05b9770f56;c72bd50be0a494634fbfdee9df4b6c7bdfcaa504;9f34d4f248f8f1ff7c8f683f5c97ee7d;discontinued.com;;51.159.196.227;
844cc2551f8bbfd505800bd3d135d93064600a55c45894f89f80b81fea3b0fa1;6b1213966652f31cc333d9f1db64cb520c2256ec;b873acc7d3bcc288d235b206910c0ecd;somtelnetworks.com;;149.104.32.117;
4bfd58d4e4a6fe5e91b408bc190a24d352124902085f9c2da948ad7d79b72618;246813f9a57e030f109bb77742809e32bac89c04;4b13e3d9b5a09f57d5b3cf919396edb5;digi-cert.org;;154.81.156.35;
af1408a4d276842bea2ff1528fc1d2b93889a1fc4a91c6594fc27af325120da8;3eb479a2e115cf771e7987879d6e7489d6488729;a8511f61abdfd93538e6070e999e4a67;contigosobrevivire.org;;103.248.235.140;
198667b1eda010a431dfb051a101cc73ead1d45ba8d0f6641ec1c14bca4106f3;afb2fe6b541069259b0fd9be82d62594a361afb0;a8b2373dbab4ca8404b83159c6893500;continuum.com.my;;159.89.168.201;
2fc6d7df9252b1e2c4eb3ad7d0d29c188d87548127c44cebc40db9abe8e5aa35;d0fb9051f8f4a9063b9f19841182b1707527f89f;6b82d03d7c7a8ff4ec843cb92d35e33f;carelessnessing.com;;103.245.236.209;
983c499dd64ba2067a00f8ed032b1b367b2cc191d0ab3573c766efdd656c2cf9;557ffe97d0e0ce037de1660d32ae911919d0d226;153985ea16167989804e020b9580bdda;baravazna.com;;93.58.254.85;
9592f363f06f9e526c0099bc4df4e5d7e483462b2c0920b97926ba6d829eba39;617ef54b28abd618649aaf402a68ea58b9da6b06;bfb98cb39c797aa452f357914d6ca1fb;plantatulapiz.cl;;3.124.123.172;
ce7919edf1e069d9101b12313254f4e7abc61be416c7abb5d2cacaa5a713523d;38fac3bd50633ea789abf79ddf2c830f86612dbd;a737a82cc2c6b19bee8ddf4edaa34c95;newyorkshel.com;;172.81.135.55;
1ef1ff8b1e81815d13bdd293554ddf8b3e57490dd3ef4add7c2837ddc67f9c24;7b7f0c029a3dcb34a7a448f05b43c5657dd0c471;0c562866ca35fa0821c1eaac447a81a0;doddyfire.dyndns.org;;115.127.82.97;
97469cb72db2b734861a1a7d27b2f90275b304ea87e5664cdfd75f2f4591922c;bab97049c1366531cb6b0adaafd50d258f37af44;9588dbda66391e6814d1a9e05e1bd76f;vaclicinni.xyz;;58.251.251.225;
99d32ec2fc0ad3e059dcf213ac463bcd9acd96b56bdd2b3adc4f383113399041;f9ad50a0172169fdbe2f8b400570e4fafc12969f;d34a9bbd948bb05af3ffc5cd6590b079;topevi.com;;85.9.123.43;
06086c1da4590dcc7f1e10a6be3431e1166286a9e7761f2de9de79d7fda9c397;9518e4ae0862ae871cf9fb634b50b07c66a2c379;22608df6adff55f99ed1b5138bfadacd;repshd.com;;185.17.0.49;
2c10b2ec0b995b88c27d141d6f7b14d6b8177c52818687e4ff8e6ecf53adf5bf;d9a3596af0463797df4ff25b7999184946e3bfa2;c6f80be7f2004acb6356ded2723968f6;vaethemanic.com;;54.93.254.133;
3c557727953a8f6b4788984464fb77741b821991acbf5e746aebdd02615b1767;0d8cc992f279ec45e8b8dfd05a700ff1f0437f29;8fd36b896b1c3b8bae1799bb5068fd64;mail-modgov.myftp.org;;93.188.246.106;
68858814ebe2dcf21fd87ebb5fca829806307774060cb7f587f54de6625f2b02;3c0af39ecb3753c5fee3b53d063c7286019eac3b;bea72bb410f8e706bc206b202290b7d3;shanroban.com;;5.163.252.189;
2e04a18ff185ba5b16f762a0538339bc4049aceaef9738edd43af77d2ceb788b;4437c0648e99fe7c4a0f62949566265ef2ebc93b;37f3cd1310cadf1800609887c8eeaa41;news2.ru;;92.38.222.144;
340c8464c2007ce3f80682e15dfafa4180b641d53c14201b929906b7b0284d87;733c05da132193d6cf1d8e242d12e2525c03bab4;d51f95067dc135e622c703222f6ac253;eelectcontinuedbask.hopto.org;;45.142.193.107;
4bcef200fb69f976240e7bc43ab3783dc195eac8b350e610ed2942a78c2ba568;28e7c414a9b9760ea77d38918dbf8abfa0fc9c59;5444439c6fecf4b253ca0be62e60fd1d;info.dynamic-dns.net;;194.9.6.63;
55f7d9e99b8e2d4e0e193b2f0275501e6d9c1ebd29cadbea6a0da48a8587e3e0;446ead7e74798128a248493cac83ac0c915f6f01;33f7fc56fab219723c42a767d753aada;5continentsproperty.com;;38.129.138.226;
784047cef1ef8150e31a64f23fbb4db0b286117103e076382ff20832db039c0a;47b95312fe9229fd0a3db558c1522925e12a9aaf;b66db3a06c2955a9cb71a8718970c592;0x4fc271.tk;;103.237.147.35;
8163c4746d970efe150d30919298de7be67365c935a35bc2107569fba7a33407;6561bbbc7e302587d799165234facbde38bd7496;912f6ba823937d9f1f3b0cef3f5c4986;id6589.com;;3.124.123.199;
89281a47a404bfae5b61348fb57757dfe6890239ea0a41de46f18422383db092;c3ea5094e1fa2e97c515373c6844883b186acd33;710a77804637f65e22a2e230ff6444f9;validateuserid.servicelogon.authsupport.owa.frontend.continue.reason.redirect.file-manager.version-9.10.112.view-settings.vmpgu1qxrxlwbk5qum14vlltnunvrlpzvwxkvwbxm1.access-https.myprofileprivacy.com;;193.176.23.7;
b80bf513afcf562570431d9fb5e33189a9b654ab5cef1a9bf71e0cc0f0580655;0bcbd1c184809164a9e83f308ad6ff4dbafda22c;d839dc0df83a21b0b768e62ba62f802b;validateuserid.servicelogon.authsupport.owa.frontend.continue.reason.redirect.file-manager.version-9.10.112.view-settings.vmpgu1qxrxlwbk5qum14vlltnunvrlpzvwxkvwbxm1.access-https.myprofileview.info;;83.222.190.170;
55c8079ac96c6a4f6a94e3460c79e4006d62374cce6e9fc8b281938a3abc7627;12f9333185494642c1587a546d2287c1a4c01a2a;304745b78d1caf12316eb73955eb175f;appidsupport.authuser.validateservicelogon.owa.continue.frontend.reason.redirect.file-manager.version-7.13.16.view-settings.afrwmgq0v0zsdgn6rmpwbfowvfzsuyyskhlrejvyc.access-https.myprofileview.info;;104.237.132.23;
92c5fd0421c1d619cbf1bdba83a207261f2c5f764aed46db9b4d2de03b72b654;78893e31ff10bde2cbcb8a51664788d7dc0fc194;1c3bcfb20d1f44f3eb4281e587d263bb;gdrive.mydocument.validate.googlsupport.servicelogon.continue.owa.frontend.redirect.reason.file-manager.version-9.912.settings.sxoxakuxsgtis3vgslrrs0x6zjfwwlnjbsdfsm.access-https.authprofile.info;;167.114.180.31;
b5c6507ffed1ab7a6330a55652782d33665e158f9d26e08b8a2fff6536fd4e41;05f6df120ff54415a6b75a4b1894a83c6d865030;aa4ac12ae9abfd567c3cc5825528f9da;valid.appid.support.validate-maillogon.service.authuser.continue.frontend.reason.redirect.file-manager.version-9.1.101.view-settings.svjjykd5v2vum3fbsxlgmxfmr3pjdklh.access-https.my-validation.info;;85.215.193.219;
6ffe81c2883c298a65477ba2bc7ba1063315ad6b26f0188e3361d0fa924575ae;98bce6eeb8e8542d75e8f0ac2b75f6ace609db3b;d1c43bb1c9758eee8d2643731af9be7f;validateuserid.authsupport.servicelogon.continue.owa.frontend.redirect.reason.file-manager.version-9.60.912.view-settings.sxoxakuxsgtis3vgslrrs0x6zjfwwlnjbsulnwkdfsm.access-https.authprofile.info;;178.168.59.144;
fc3cdc3932d69c05c735040245f94fafe22b79cd865bb7d23c4364a3f4e8c774;ce808ab365adbee2985b0d8f58e395555b126e4a;21cebf7aefdae41e3c0c89a3a6f904c4;appidsupport.authuser.validateservicelogon.owa.continue.frontend.reason.redirect.file-manager.version-7.13.16.view-settings.afrwmgq0v0zsdgn6rmpwbfowvfzsuyyskhlrejvyc.access-https.myvalidation.info;;222.252.243.9;
86a0761fa0f6b15d9d5342882e09992270358766d5c11ef1b8d848c7f4075c79;54d122a459b479d8aeabf9f63147fc9d132320e0;40a5a507f169ce90ad972fb8c1feb405;validateuserid.servicelogon.authsupport.owa.frontend.continue.reason.redirect.file-manager.version-9.10.112.https.profilesupport.info;;193.200.78.29;
78e7c41458e1ddf336f0d2e9625abbdc0b3e86db18aee7377af5711bc927da35;e14d914d991cd45fb1ad88d94bdc2ae844856799;eeb4ebb8cb2c1a579d195bbb4dc369f8;nceess.com;;18.194.95.94;
935051367363838fcadd8856e08575e740bdf8af0d2271b81e6ba4d231b3a531;19179d40d0eca42f7c57ae17e709f829d0c984ae;d73e938b865cbb00ec4ab0d7e1598339;support.xwawwalertaslbbvacontinetalbancap0rinternet.com;;158.220.97.140;
aaacaff803623414b7ee1ee6130b08380722752d97d1659f67fe6763f208f315;0a982af57e5be5dcc06a4d680072a9ae52dcfaae;bf0ac2d4ae5cb69b5a534db3a167318a;mail.funcionesdealertascontinentalvirtual.com;;194.163.135.78;
295b987c8926399c063ff20d2484477fe31cd2188b604a919dbfa11d9c34b988;28e94aa6994069db1dffb35c5bee9e3849df073f;0f24e3a12e26bbbef5e83c3ab6add9fd;adminportal.continuum.life;;45.128.157.20;
05f3293dc1f22b1a4b15b8cacce8d4205decb8615627d11f1301ff3871e64015;e2a99931fe7821b65c1694649762c7376df92ad1;5ce26c6b5708644ba2d79a892b46ff7d;mail.xwawwalertaslbbvacontinetalbancap0rinternet.com;;196.251.72.142;
4717ee69d28306254b1affa7efc0a50c481c3930025e75366ce93c99505ded96;e7d6116f4d66da3c2e9bda7e8fbf7c8f124a6e96;b0059c57f5249ede3db768e388ee0b14;continueopenmap.com;;69.5.10.160;
d793f37eb89310ddfc6d0337598c316db0eccda4d30e34143c768235594a169c;e012df376a56bcd1d02e80dc388ae6112e06b77a;2d2ed95a222fe83c81505993a37ba373;video.continueleft-contact.nl;;193.168.143.120;
67250d5e5cb42df505b278e53ae346e7573ba60a06c3daac7ec05f853100e61c;6cdeda46a77e6593cd9028499681f642ddb4bd4b;ce31b806821bec116ba03132ab5b3138;gw.continuechoicelink.club;;178.20.159.184;
ebd7809cacae62bc94dfb8077868f53d53beb0614766213d48f4385ed09c73a6;2d67703c61443077ed24331c960bc510614bbc96;290c766f353ce1e89d551c3d354c2b46;continueexactresponse.observer;;119.123.179.117;
ac30321be90e85f7eb1ce7e211b91fed1d1f15b5d3235b9c1e0dad683538cc8e;2158a6826b734ad92e40c91b851e51982b8b2b3e;dbd5a5e58e7796befccc77ac57cbf204;continueunablebet.observer;;109.195.139.162;
91e310cf795dabd8c51d1061ac78662c5bf4cfd277c732385a82f181e8c29556;ece518dfd9ac5161b95e1d857f899abddacc3ea5;e773b7ff2ad093c82de8a9526bb5ea6c;continuebothpipe.com;;154.205.143.132;
524a79e37f6b02741a7b6a429ebc2e33306068bdc55a00222b6c162f396e2736;9c67350ad5bdecfecc8ce8938e1d99e4bcf11c7a;e49b58b562ce3111a1debd335a210fb9;continue-mentaleffort.xyz;;83.222.191.150;
0d236a0bde80ce31e7bad65e3eeed06e4fc656a14dee883d6d86a3a221f6e65d;8fe041ad16f19ff9409f063e413552bed92454b6;e6700f78fc72a71438bbb377a5a5a13f;continuepracticalswitch.observer;;3.124.123.147;
f6e1a146543d2903146698da5698b2a214201720c0be756c6e8d2a2f27dcfaff;dc47f9fb9053d43a774688326839fbf530d66bc9;9c9b266f4bb5d05d45a58517d63f8e07;continueflat-meet.org;;45.8.187.74;
2d5afec034705d2dc398f01c100636d51eb446f459f1c2602512fd26e86368e4;432a8dfe24abfa3b8c342e756e9e2df0334a5e0b;31d6cfe0d16ae931b73c59d7e0c089c0;th.continuenexttop.in;;179.191.16.26;
9f918fb741e951a10e68ce6874b839aef5a26d60486db31e509f8dcaa13acec5;7023d940dfa21429fcc6211fc63587a5ecfd015c;495a4543965b4a92c6314294b338602f;continueexpertcontract.tel;;51.89.155.76;
6fcd36052b242bc33e90577e9a9cf5dc91bc7c5f3ad587b0d45ab4a7cb7b73b3;ec9fa5420c38e78705010b82b733caa61488a4c4;29a026926515665c6a1b8a4180d8f0d1;continueinitialgrocery.realty;;94.100.20.66;
bf37260fc09f1c1a8a52f65fde3a5b2025dd8af290623f41347f65d07a5ab8f1;da8385ce94d959f7feaaec7c6910f12b46df5208;6349d5381beae42063ede8cb76143267;continent2.xyz;;143.198.98.252;
87a02985c300c1905177d10c89bb0b1521aa739ad151b99a396864ca9d0f4060;fd453e9b15125708457e5cc015bc974a0d680ade;df5b1c361cdf40cf4c15159a5be80117;toolmorningcontinue.top;;116.51.28.37;
23b4927a896eca9823c8dff42dfa1741391f5398aaf61d97d1e10a6b447c6900;ba82d94d4130ec2b393155cf0b8cb3f84c3637c3;f49b9f0d5aefaa1f6431c18774b83553;continuefeet.com;;158.69.186.214;
358c3b220210aabeefc2fc8cd80d39d2738f607e77fd8b8c721e56ceadd0768b;42ab240af3bded9cabe5338ac812b81d39862726;a200d6c3988d8bf49c305f3e2adee785;0xf4a5.tk;;80.75.212.11;
38dde87d7a85c0656a2e0c3cfee69302379ef9becb72fae8b0fc0b7711e4fb8e;371530db6c207d304511d92222a985e6cb4429b2;237e0e2b7bba596594106d85089c6a96;continue-session-identifier.info;;198.105.127.124;
d11793433065633b84567de403c1989640a07c9a399dd2753aaf118891ce791c;69766f007118e839269276a1b5e90b956313e3b1;c88625dd4c1d7cdc2aade8528ea60385;session-identifier-webservice.mobilecontinue.network;;43.228.217.173;
3fa4912eb43fc304652d7b01f118589259861e2d628fa7c86193e54d5f987670;11b14368d31607b077fa7b32c653a5a6cdc953f5;f98f786bea6b7cb2533c6b6c394963b6;starconti.store;;43.228.217.82;
2e4671c517040cbd66a1be0f04fb8f2af7064fef2b5ee5e33d1f9d347e4c419f;20967bd64eabb8dddbaa711c85c7bd2f3146ee83;e099a53fdcef7bdfb58b3a7b4f42e4d2;sydwzl.cn;;156.236.76.90;
fd8394b2ff9cd00380dc2b5a870e15183f1dc3bd82ca6ee58f055b44074c7fd4;5ac5e5252c497361c7b3b2c11d1d9c569090415b;79489c689c9e4d2f179eb723355b5056;gontigo.com;;218.187.69.244;
dd5c22d076a6c5e9c22d57ac6f49fc241fe016d797b1383682ee2ee6b529eba8;0614681917d21a1d06492583561643599d12d5ac;ed1856ba6cfe5afa2abdb0c29611cc61;contigo.abbott;;64.34.82.55;
430c12393a1714e3f5087e1338a3e3846ab62b18d816cc4916749a935f8dab44;866419baad25a08b12cefbe6d19681bae7b692a3;f2c429f626ecc369443b5a9244584126;continent-exposed-vitamins-limits.trycloudflare.com;;67.213.118.141;
c61fcd8bed15414529959e8b5484b2c559ac597143c1775b1cec7d493a40369d;0b7b778ac244a82694c4bf7818bfbea44f8ce7d7;6fe51f34ef701f91d13ca8c593c8c800;mail-continue.space;;204.76.203.206;
342e1f591ab45fcca6cee7f5da118a99dce463e222c03511c3f1288ac2cf82c8;2f6b8d5a3aafa6ffa935f08636545d8e60b510ca;6e169583dad1106fb369fd9b6ebc0beb;econtime.com;;79.124.49.70;
925aff03ab009c8e7935cfa389fc7a34482184cc310a8d8f88a25d9a89711e86;04c42b43cf6635bf381ce92a89d29d62f143f4d2;dada1ac027e34a3e681df9bee541027e;cpanel.continentalenergy.ng;;34.199.192.172;
adac9106216e6d2eb2a6d1a0a01d7286dddd6bafdab9eb1cd182dd49924663a2;8eba241e80b6c4f524e086d3ac43ee1885c9182b;dd06089ece13e3b1a2791db358a4e28f;continuum.rs;;3.124.123.238;
b13d7e742dc9e2cd9b162e13349225dabdfbd9529bbe4c5eddcb3e91712a7093;1425ede905514b7dbf3c457561aaf2ff27274724;0710b9eeb1ea9101fff61d2900ff23df;continentalcountryclub.com;;104.152.52.143;
4ee21b5fd8597e494ae9510f440a1d5bbcdb01bc653226e938df4610ee691f3a;5e35e387dd0dcdd564db7077da3470fbc070b975;23ca31f9e7e165a186048cc76e3b5af1;researchcontinental.org;;37.114.56.99;
1ea3881d5d03214d6b7e37fb7b10221ef51782080a24cc3e275f42a3c1ea99c1;b81839e3ce507df925d6e583e569e1ac3a3894ab;1ec3ffc95f4772502b7319124be76c3f;continentalbanka.com;;5.183.209.191;
817901df616c77dd1e5694e3d75aebb3a52464c23a06820517108c74edd07fbc;a80c29a7c2e2e500a1a532db2a2a8bd69bd4a63d;da6fc532bbf8169ab3f35a44395e102b;www.contizen.com;;89.248.163.67;
b46e872375b3c910fb589ab75bf130f7e276c4bcd913705a140ac76d9d373c9e;8aabb58eca06cc44ae21ae4d091793d8c5ca6a23;38996e6e9d3c833195d46b902ed4e1ac;transcontinental.sn;;79.124.49.174;
94a78d5dce553832d61b59e0dda9ef2c33c10634ba4af3acb7fb7cf43be17a5b;ff0f1a0222b5100120ae3e43df18593f904c69c0;3c2743d24dae80d54af075a5f6477d2d;www.continuum.hr;;3.124.123.228;
de5a53a3b75e3e730755af09e3cacb7e6d171fc9b1853a7200e5dfb9044ab20a;5cf7078fb3d61f2c15b01d9426f07f9197dd3db1;0e5006be076cbf669f6b5a4f846ed18c;continentalmeta.com;;194.180.49.53;
ad1f796b3590fcee4aeecb321e45481cac5bc022500da2bdc79f768d08081a29;5e701a2bcb353338854c8ab47de616fe7e0e56ff;c755630590854a4f8214a80eaa6130da;www.continuum-ps.com;;194.180.49.44;
0d4b8e244f19a009cee50252f81da4a2f481da9ddb9b204ef61448d56340c137;ea430c8823803b9026a4e6e2ea7365dc5d96f385;469e0075daad18f43241a111b1621491;continental.fun;;78.128.114.130;
fd9a9dd9c73088d1ffdea85540ee671d8abb6b5ab37d66a760b2350951c784d0;08ca62cc8860f4660e945805d0dd615ce75258c1;c5329528b59b1bb84ee0fca65c0beb99;continuumcreations.store;;38.246.245.123;
03e8b29ad5055f1dda1b0e9353dc2c1421974eb3d0a115d0bb35c7d76f50de20;a520425e51ae8211ddc85566111d204282e493df;b58674fe45a66f5b34316cc9c52282db;www.continental-bd.com;;166.88.61.15;
bbaeff6db838e62296d22a51d7f375d624466b3fcb25527e62ac7fb38670ba2c;43274698d28d988944e2028bc90f23ecb5d5df4d;8a8ced330677fc62a9a9a02f38652c1d;cpcalendars.continental.ng;;213.5.130.137;
7f0511b09b1ab3a64c8827dd8af017acbf7d2688db31a5d98fea8a5029a89d56;affc2b19d9fb8080a7211c3ed0718f2c3d3887df;2556a9e1d5e9874171f51620e5c5e09a;chontico.com;;8.245.24.52;
e97f1d6ec1aa3f7c7973d57074d1d623833f0e9b1c1e53f81af92c057a1fdd72;491214cc496f4a358856801d0381eb4926c07c59;d2a795af12e937eb8a89d470a96f15a5;continuation.xyz;;45.142.193.69;
110a353e7944a10c6d48d944c6b999aa2531aa94369a19a34e715d84b8625d71;60d24167387052597c454330c58b14b3f77abf92;29dbcfa95757038118cc47688c922f2d;continental-bd.com;;45.142.193.71;
6c2bbb5899428a5349228f3f664c020681adb9c1adf3649524b5ebfa55a59b24;3ae073b9fa96d5cfdf7c743f0cff0cea5bac5cfb;b3c1340f73e817bbc1ee7e170ab036a4;continuityx.net;;104.152.52.58;
6979c07f0d4be15dd9d4c10dcccaf8585ce849d5d61441b2872d364abbecd97b;6db6548a1f328e3aeff812429b1b623ac82f83d4;cef9d94ef67e72b29196d62c6db135a7;continental.serveftp.com;;194.180.48.134;
7d6a0ab5c1a88c236aea9828cf899b6e27d5e7727f8e5c81ed5ae9459b8184f1;268acb558e7550c8385a6bdf8df1415e5bb127a2;0316c3e19c9c2079cdcc56ad822d890b;continente.com.co;;75.127.11.213;
0544fd878a5cd79512ea2c374c4f1dad3579c42fdb4e816dd1a5391577d1b3af;839ed002a2dd58d53ae397a2e6ddfa59f62d671b;1cf0ffe67456d0a048dc3febb565c836;continental-transitmail.com;;185.125.102.208;
51c3824424a3e9d147e4df46697aecfb10606cc20905d505a5bc7cf779312989;4baa6ff53bedb83ce58f40f500a0557101f2f529;62105215e6e8f3ec1f3f9603c51debbf;continental-transit-mail.com;;194.180.48.152;
87462f090c82671a5545d140040249103d961d8ccc89f5a386568e77ff0a6f5f;1b7cdca67a9cc523300310dbd7bfde1bed20509f;f3b0a0090c998ef61b324d5e01c0022f;continentahonda.com;;162.55.99.83;
65996d0392f10a39eb847818d7d1ce7799084f61408a964bfcbd777925070a05;737d65e49465a8ffa8d70f5a14c6aa8db9decb05;171539b41be0fe14d0c675a5adec250d;www.continental.ng;;79.124.56.138;
f55c3cba1c7179e76cb2e9ae41d6250e92ac9e687ca363f774b6ead1e83336c9;189445ee3e2f3aaa187ecc78b4b3704f1337b3ee;67e81f2b567c64f8ab5bb5ec4733ee99;inetrcontinental.com;;185.239.17.66;
ace0ff01bcbf27edbdf4dc42ffe01db57990ec904be88083c7541457d2175395;cd9ac3cb478625bb760f8c30c5a3cfa9ca89a84a;6690cf6868d9b267d772c07d361e6b22;contigo.direct.quickconnect.to;;109.205.211.35;
0720a9b5ecd98163208ad5d6d041679c0a6954d80685695df55b0e105dca7b09;bd00b3780e615295c871073bd5eac2ae77a56889;7b71adcc342e48adcae25e9770e75270;contisafe.hu;;109.205.211.37;
670b7916d1bcc22cae600154ef1a5eefaa7dcc771de884e04e1fdb9e9e8a3edd;c6eadd975111bc16d4c51d2eac3f59ec233e61ec;25493866f363fc00d4736aabd9913b50;contiki.xyz;;3.124.123.186;
4c0be1ee57e6fa4640b35771cfff958a9d52de856289b756321935ac3f7b6157;8eb8badb0cf2db24c5af19dcc3b37f983bec22ec;7e1c8ec4d8aac178dcec864f218e21ed;contiweb.xyz;;84.32.84.29;
5a20aa38416d7b117a2205d6d0700690755bb63b929bbdc8cd49369fba5f068c;d16e42b69276397d7605ce57c7238b5aa97e0bdc;d6724497946923d594dae71acdb95f7e;continentalenergy.ng;;147.79.120.162;
730dd1e1d669f07bb22513635666935727afd025059e4b8436ab31788b6c2573;bba4ede81bd4a67c64d9a4777cc2da49f1a769d3;b3a52120fdaf38cb8d2068ea971b8fac;continental.myvnc.com;;198.46.141.170;
aac03752cf39ccc3239f91b18a822a39cf89898800c1cc1d5cb55220620260bd;473e4c0a3dccf77447b8c99de6b04f74e38a3c45;c7ac91bd96410ca6ce234516ee22547a;continuum.xyz;;104.168.99.178;
c945284036e86e904761dcc5898fb204441b80dc484b39bb30cb444255b5aa51;58e72fb32a05f897d351b0948eb235f70f314e30;dad931c621fe4b3a95bd01e6d9219709;continental-development.net;;23.94.171.218;
4f9dd9825e0faafaa1a62ca86906bd756fab499225cdccfc92434b50fd1c5841;7baf0867494fda7af8b6b4032ef51c9903bd1fa6;c1e97742636918b82d7173ceba73f8cc;continum.store;;23.94.152.250;
c2298d8700fbf72dc56a81d4934d4d190621e1bb2ff2933f18ead665c3ca3d8d;29b4b7191ed8e80292d9b632777b930d7194340c;d65a86e793edf55d5190a6894d415282;contine.fr;;;
3b5133b3ce254beb030b80c395cfeaae6c6f38d027674233e5973698418f90ea;cec908c0dac0267d5ae55b79960d697c38fb9a5c;82ce681100ddae62068c2182b95787d1;continentallab.in;;;
6d66571dbb56a351c35946cba2c35b1e81db8a114316d90ba4ad43043d0e71e5;77732277f8488a00f9362e0d7809cf774a2bf3a8;9d105c7095007b6e7f6fbdda9208f0b8;hotelcontinental.com.mx;;;
3d6000e1e13f4b0356b65ce77274cf9931d70f2636fbc07bc3f278d7cee6ebff;8ae995284b9bb5b85db3df7e9f64fc9169d5a27b;6a195aee189bb4a669789c034ee9f861;convico.com;;;
fda7548fd056f1c99915e0d02333f6a63875c1a8f4dd026b4de68a8d9799c950;b3be416524b4faa9692fdaa30fe6d9b39d578e1f;34831ec6f352033c933eac9d45748b18;continence.xyz;;;
0862b7a593762d1f7882d7e7d1ac3fbd864c6503250ea17cf9ce13ed19e04549;819fb107d3da3c9194fa27ab7bc72bf182ae0095;0845be182f15c5141a932a8142c2a55d;contingency.info;;;
80310cba16e11f05ebdb444b9d1c618fa3021c07545c16b3c3da987d9a6f576a;45782b19ec664be1eb59b6f77cfbc5c39a886e6b;a2d9aa47a7293a80f155ac2bcf13957d;cpcontacts.continental.ng;;;
39d242660c6d5dbe97d5725bbfed0f583344d18840ccd902fffdd71af12e20ec;670224a6b59827de20a93cbe754edfb510cf3cc3;7df79de2f5e31263208ef83caca7b1f0;continentalpad.com;;;
710faabf217a5cd3431670558603a45edb1e01970f2a8710514c2cc3dd8c2424;beff0874841fc49e458f9fbfb04664143535bf32;cf7eb797b63e8322269eb8281975af53;continentaltierebates.com;;;
b78adcfa3955cfbbeb72275279a3779b36c93135275967411583d3695258f570;0b012397fb630f628670e455db1310099ea6bf05;d33c1113eb1474f6b8674c71b379f36f;interconti.si;;;
fc3496cf72612e8bed8e7a7d461b8c3a30fb7e5739149c26dfaf1e03ff43f442;6a481ba28aa7f2bc02c1a491060fa5569b7a300d;8f0ead9b6553fcad8164eadd49e63f96;cointill.com;;;
135611f4e9427dd48f81e3970edef5aa35800b3a85b1f867abb84bcb5372239c;8adf6fec52e162c121db3f7f2038d5dc5064c18d;f37983dabf95d4549510cc7d2d9708a3;continente.cafe;;;
b5acfa6e4c5b96d5f45f98733f8598cffe32b077c5ff413a93ae9c6a30b9a51e;c751fce9bdf147774758233508d29befc4eb7e92;c59af6114434440810cf35ff7db35389;webmail.continentalenergy.ng;;;
;;;continuous.fun;;;
;;;www.continuum.ar;;;
;;;continentald.com;;;
;;;cpcontacts.continentalenergy.ng;;;
;;;contizen.com;;;
;;;mail.continentalenergy.ng;;;
;;;cotinentalhonda.com;;;
;;;visconti.de;;;
;;;continuum.swiss;;;
;;;webdisk.continentalenergy.ng;;;
;;;contingencyplan.info;;;
;;;continental.ng;;;
;;;contiflex.com;;;
;;;cpcalendars.continentalenergy.ng;;;
;;;intercontinentsl.com;;;
;;;continentalcomfort.com;;;
;;;continuum-ps.com;;;
;;;contiostore.com;;;
;;;conein.net;;;
;;;cpanel.amazon.co.jp-index.continue-get-started.com;;;
;;;webdisk.amazon.co.jp-index.continue-get-started.com;;;
;;;cpcontacts.amazon.co.jp-index.continue-get-started.com;;;
;;;amazon.co.jp-index.continue-get-started.com;;;
;;;webmail.amazon.co.jp-index.continue-get-started.com;;;
;;;www.amazon.co.jp-index.continue-get-started.com;;;
;;;mail.amazon.co.jp-index.continue-get-started.com;;;
;;;cpcalendars.amazon.co.jp-index.continue-get-started.com;;;
;;;macontimes.com;;;
;;;profcontimbcompda.ga;;;
;;;5continentsgrandslam.com;;;
;;;cafecontinental.net;;;
;;;susancontini.com;;;
;;;ppkpsuresub1intercontinentalsuitishere.duckdns.org;;;
;;;continuityworld.com;;;
;;;webmail.nelsonsradiatorandaircontitioningservice.com;;;
;;;souffgecontizoveg.tk;;;
;;;continue465174.xyz;;;
;;;invoice.continuous-update.info;;;
;;;contibngtauinue.cam;;;
;;;adminportal.contispan.com;;;
;;;adminportal.contiplus.com;;;
;;;login.continuousupdates.info;;;
;;;continualevolution.com;;;
;;;formacioncontinua.edu.ec;;;
;;;continental.monster;;;
;;;contrigo.de;;;
;;;contissimo.fr;;;
;;;continental.company;;;
;;;continentaltudios.com;;;
;;;sixcontinents.xyz;;;
;;;continuitycentral.info;;;
;;;continental.buzz;;;
;;;continuity.nz;;;
;;;contrshop.com;;;
;;;www.continuity.nz;;;
;;;configear.com;;;
;;;mail.qpocontiinfome.dynamic-dns.net;;;
;;;webmail.qpocontiinfome.dynamic-dns.net;;;
;;;pulitzerintercontinentalmarriott.com;;;
;;;continuercon.tk;;;
;;;continuedhostilityequipped.com;;;
;;;festacontinua.it;;;
;;;super-sconti.com;;;
;;;continualimprovementsolutions.org;;;
;;;webdisk.qpocontiinfome.dynamic-dns.net;;;
;;;paypal-24-continuing.com;;;
;;;continentallogistixs.com;;;
;;;butterflycontingent.buzz;;;
;;;continuum.social;;;
;;;www.contiweb.xyz;;;
;;;contiq.de;;;
;;;mid-continent.com;;;
;;;conilink.com;;;
;;;doctorsconti.com;;;
;;;continetalpress.com;;;
;;;contikitrips.com;;;
;;;continuuminnovation.co;;;
;;;continuumgroup.co.uk;;;
;;;continentaltire.com;;;
;;;continengalstudios.com;;;
;;;continuous.technology;;;
;;;continuum.coach;;;
;;;webmail.continenteinox.com.br;;;
;;;continuehotelandresorts.com;;;
;;;manageaccount-verifyvsaccountzp.updatecpaccontid.com;;;
;;;cooconti.ga;;;
;;;gianfrancocontinenza.com;;;
;;;continuechiefhad.top;;;
;;;euugzs.continuecovernever.top;;;
;;;tliqji.plantcomparecontinue.top;;;
;;;evacontigo.com;;;
;;;opdash.multicontinentalfinance.com;;;
;;;ksdhzp.plantcomparecontinue.top;;;
;;;cyeall.possiblecontinueset.top;;;
;;;armoursconti.com;;;
;;;avejjr.continuecovernever.top;;;
;;;domways.com;;;
;;;digicertweb.com;;;
;;;continueonline.onthewifi.com;;;
;;;continuetoamexhere.duckdns.org;;;
;;;maidahcontinental.co.in;;;
;;;fivecontinentscargonet.com;;;
;;;covid-19-business-continuity-epic-uk-limited.azurewebsites.net;;;
;;;mail-nepalgovnp.zapto.org;;;
;;;nopostings.com;;;
;;;continentalcoatings.us;;;
;;;contingentgroup.com;;;
;;;newfbaxelcontity.ga;;;
;;;igioielliconti.com;;;
;;;continuoushobby.xyz;;;
;;;weekendorg.com;;;
;;;conti.news;;;
;;;bentley-continental-race-news.blogspot.com;;;
;;;continuant-misalign.000webhostapp.com;;;
;;;service-session-validation.site;;;
;;;identifier-session-service.site;;;
;;;service-sessions-recover.top;;;
;;;session-confirmation-service.site;;;
;;;publicreservoir.site;;;
;;;continue-recognized-approve.mobi;;;
;;;cdn-edu.net;;;
;;;dictorecovery.cyou;;;
;;;pourcontinueridauthenserweuronlineworking.000webhostapp.com;;;
;;;approve-identifier-session.site;;;
;;;service-shorten.site;;;
;;;shortener-service.site;;;
;;;publicrepository.site;;;
;;;continue-approve-service.site;;;
;;;approve-identity-service.site;;;
;;;abbreviate-services.site;;;
;;;addsession.customers-recovery-service.site;;;
;;;reservoir-shortener.site;;;
;;;customers-recovery-service.site;;;
;;;confirmations-sessions-identifier.site;;;
;;;identity-recover-service.site;;;
;;;session-service-validation.site;;;
;;;mobile.continue-approve-session.site;;;
;;;shorten-service.site;;;
;;;continue-approve-session.site;;;
;;;login.gmail-account.gq;;;
;;;signin.grnail-login.ml;;;
;;;gstatistics.co;;;
;;;cpanelpourcontinuerhqnfghjkackmailercom.000webhostapp.com;;;
;;;postcovidcontingencyplanning.org;;;
;;;postcovidcontingencyplanning.info;;;
;;;covid19-plano-contingencia.com;;;
;;;covidcontinuidadservicios.org;;;
;;;covid19businesscontinuitysurvival.com;;;
;;;continuingcovidcare.com;;;
;;;postcovidcontingencyplanning.com;;;
;;;postcovidcontingencyplanning.net;;;
;;;covid19businesscontinuityexperts.com;;;
;;;continuingthroughcoronavirus.com;;;
;;;continental-engineparts.com;;;
;;;signin.gmrail.ml;;;
;;;login.gmeil.kro.kr;;;
;;;account.googgle.kro.kr;;;
;;;continental-tyres.com;;;
;;;addsession.continue-recognized-approve.mobi;;;
;;;continentalcurrency.ca;;;
;;;xbeta.online;;;
;;;spltracks3.temp.swtest.ru;;;
;;;surname192.temp.swtest.ru;;;
;;;kattie225m.temp.swtest.ru;;;
;;;internsite.temp.swtest.ru;;;
;;;onlieundr4.temp.swtest.ru;;;
;;;grupocaj10.temp.swtest.ru;;;
;;;postales50.temp.swtest.ru;;;
;;;tewixoc371.temp.swtest.ru;;;
;;;2b-fair.online;;;
;;;xn--90aiiaze4aza.xn--p1acf;;;
;;;two-klika.ruterra-prom.ru;;;
;;;www.adrem-uk.ru;;;
;;;badiwaw.com;;;
;;;balacif.com;;;
;;;barovur.com;;;
;;;basisem.com;;;
;;;bimafu.com;;;
;;;bujoke.com;;;
;;;buloxo.com;;;
;;;bumoyez.com;;;
;;;bupula.com;;;
;;;cajeti.com;;;
;;;cilomum.com;;;
;;;codasal.com;;;
;;;comecal.com;;;
;;;dawasab.com;;;
;;;derotin.com;;;
;;;dihata.com;;;
;;;dirupun.com;;;
;;;dohigu.com;;;
;;;dubacaj.com;;;
;;;fecotis.com;;;
;;;fipoleb.com;;;
;;;fofudir.com;;;
;;;fulujam.com;;;
;;;ganobaz.com;;;
;;;gerepa.com;;;
;;;gucunug.com;;;
;;;guvafe.com;;;
;;;hakakor.com;;;
;;;hejalij.com;;;
;;;hepide.com;;;
;;;hesovaw.com;;;
;;;hewecas.com;;;
;;;hidusi.com;;;
;;;hireja.com;;;
;;;hoguyum.com;;;
;;;jecubat.com;;;
;;;jegufe.com;;;
;;;joxinu.com;;;
;;;kelowuh.com;;;
;;;kidukes.com;;;
;;;kipitep.com;;;
;;;kirute.com;;;
;;;kogasiv.com;;;
;;;kozoheh.com;;;
;;;kuxizi.com;;;
;;;kuyeguh.com;;;
;;;lipozi.com;;;
;;;lujecuk.com;;;
;;;masaxoc.com;;;
;;;mebonux.com;;;
;;;mihojip.com;;;
;;;modasum.com;;;
;;;moduwoj.com;;;
;;;movufa.com;;;
;;;nagahox.com;;;
;;;nawusem.com;;;
;;;nerapo.com;;;
;;;newiro.com;;;
;;;paxobuy.com;;;
;;;pazovet.com;;;
;;;pihafi.com;;;
;;;pilagop.com;;;
;;;pipipub.com;;;
;;;pofifa.com;;;
;;;radezig.com;;;
;;;raferif.com;;;
;;;ragojel.com;;;
;;;rexagi.com;;;
;;;rimurik.com;;;
;;;rinutov.com;;;
;;;rusoti.com;;;
;;;sazoya.com;;;
;;;sidevot.com;;;
;;;solobiv.com;;;
;;;sufebul.com;;;
;;;suhuhow.com;;;
;;;sujaxa.com;;;
;;;tafobi.com;;;
;;;tepiwo.com;;;
;;;tifiru.com;;;
;;;tiyuzub.com;;;
;;;tubaho.com;;;
;;;vafici.com;;;
;;;vegubu.com;;;
;;;vigave.com;;;
;;;vipeced.com;;;
;;;vizosi.com;;;
;;;vojefe.com;;;
;;;vonavu.com;;;
;;;wezeriw.com;;;
;;;wideri.com;;;
;;;wudepen.com;;;
;;;wuluxo.com;;;
;;;wuvehus.com;;;
;;;wuvici.com;;;
;;;wuvidi.com;;;
;;;xegogiv.com;;;
;;;xekezix.com;;;
;;;dzial-finansowy.com;;;
;;;gruindag.com;;;
;;;solidservicios.com;;;
;;;baiccamcar.com.mx;;;
;;;nissauto.com.mx;;;
;;;ges.network;;;
;;;toreroconstrucciones.com.mx;;;
;;;shoei.link;;;
;;;tiausa.com;;;
;;;enzan-k.com;;;
;;;grameendistribution.com;;;
;;;mail.cmu.edu.tw;;;
;;;printel.com.mx;;;
;;;aoa.co.jp;;;
;;;tierragarat.mx;;;
;;;imhmac.com;;;
;;;itiorg.com;;;
;;;dafom.dev;;;
;;;tokenais.com;;;
;;;cryptais.com;;;
;;;alticgo.com;;;
;;;esilet.com/update;;;
;;;esilet.com;;;
;;;greenvideo.nl;;;
;;;dafnefonseca.com;;;
;;;haciendadeclarevot.com;;;
;;;sche-eg.org;;;
;;;vinoymas.ch;;;
;;;infodigitalnew.com;;;
;;;creaideck.com;;;
;;;aideck.net;;;
;;;tecnoluce.cl;;;
;;;mszgovpl.com;;;
;;;sartoc.com;;;
;;;hhaisoffice.com;;;
;;;s.marvellousmachine.net;;;
;;;djash.com.au;;;
;;;www.citiquartz.com;;;
;;;shorten.fi;;;
;;;redirecting.page;;;
;;;s.bit-li.com;;;
;;;getupdatesnow.xyz;;;
;;;contents-domain.com;;;
;;;e-xim.pl;;;
;;;aplikacja.ron-mil.space;;;
;;;accouns-facebook.com-verificate.top;;;
;;;interia.weryfikacja-poczty.space;;;
;;;interii.konto-verify.space;;;
;;;konto.kontrola-poczty.space;;;
;;;konto.weryfikacja-uzytkownika.top;;;
;;;usluga.kontrola-poczty.in.net;;;
;;;wojskowa.akademia-mil.space;;;
;;;webmail.4h-sro.sk;;;
;;;symyol.com.tr;;;
;;;govpl.site;;;
;;;perspectivetour.com;;;
;;;govpl.org;;;
;;;govpl.my.com;;;
;;;gov-pl.my.com;;;
;;;wzl2-mil-pl.co;;;
;;;ipfs.fleek.co;;;
;;;ipfs-fleek-co.translate.goog;;;
;;;mail.mcpdev.eu;;;
;;;plesk.mipbx.me;;;
;;;mail.bohotels.hu;;;
;;;v-192-223-25-73.unman-vds.premium-seattle.nfoservers.com;;;
;;;newdesk.top;;;
;;;symantecserver.co;;;
;;;msupdate.us;;;
;;;msupdate.top;;;
;;;gupdate.us;;;
;;;aptmirror.eu;;;
;;;buylap.top;;;
;;;winstore.us;;;
;;;tcp443.org;;;
;;;mssync.one;;;
;;;upmirror.top;;;
;;;tcp443;;;
;;;kcp53;;;
;;;venacerfoo.world;;;
;;;daftsex.org;;;
;;;danskedeals.dk;;;
;;;africafertilizer.org;;;
;;;cuts-chd.org;;;
;;;mail11.inmoweb.es;;;
;;;mature-pine-mongoose.glitch.me;;;
;;;desservermabagecloudsergeneratorjsjherjrsjgedgbcenro.pages.dev;;;
;;;server.diyalogwebtasarim.com;;;
;;;noithathoanggiatn.com;;;
;;;jiz.www-gov.pl;;;
;;;kim.www-gov.pl;;;
;;;lin.www-gov.pl;;;
;;;sii.www-gov.pl;;;
;;;fit.www-gov.pl;;;
;;;www.govw.pl;;;
;;;sender11-pp-o93.zoho.eu;;;
;;;gov-online.pl;;;
;;;icanhazip.com;;;
;;;oa-london.com;;;
;;;adsdklead.com;;;
;;;alphaomegacoolingandheating.com;;;
;;;troadsecow.com;;;
;;;cloudflare-ipfs.com;;;
;;;webmail.mitomobiliario.com;;;
;;;vps12652.ervers.com;;;
;;;wp.wikitup.com;;;
;;;pocz.atna.pl;;;
;;;www.info-gov.info;;;
;;;dash.wikitup.com;;;
;;;plikidopobrania.com;;;
;;;krajowy.unsoldspots.com;;;
;;;cpcpipe.org;;;
;;;go.ws24.pl;;;
;;;ukrainianworldcongress.info;;;
;;;ftp.logistor.hu;;;
;;;mx1.majormedia.de;;;
;;;webmail.feinkost-schmid.de;;;
;;;www.institutoze.org;;;
;;;api.ngoit.org;;;
;;;minorgoblininspector.com;;;
;;;corel.sklep.pl;;;
;;;margaret.overpond.com;;;
;;;gra.granddubai.net;;;
;;;minister.com;;;
;;;mail.ariadna.com.pl;;;
;;;finformservice.com;;;
;;;webhook.site;;;
;;;file.io;;;
;;;jscloud.ink;;;
;;;jscloud.live;;;
;;;jscloud.biz;;;
;;;jscdn.biz;;;
;;;megohealth.fun;;;
;;;rambler-co.space;;;
;;;fhqwq.fun;;;
;;;atomic.center;;;
;;;shiningltd.com;;;
;;;rinnerresources.org;;;
;;;amstat.com;;;
;;;rambler-co.website;;;
;;;playtogga.space;;;
;;;onlinestreet.online;;;
;;;telekom-dienste.eu;;;
;;;oauth-ya.site;;;
;;;telekom-verification.online;;;
;;;montypythonllc.online;;;
;;;z-interia.website;;;
;;;pikicast.fun;;;
;;;gaerwth.space;;;
;;;bvng.shop;;;
;;;check-domain.space;;;
;;;daogroup.space;;;
;;;kicksonfire.pw;;;
;;;everydayme.website;;;
;;;telekom-dienste.site;;;
;;;akashiabienestar.website;;;
;;;bonairetoursandvacations.pw;;;
;;;kopano.fun;;;
;;;bourns.space;;;
;;;rogersfoundation.space;;;
;;;yotsubasociety.website;;;
;;;check-identity.online;;;
;;;spacesaver.pics;;;
;;;officevibe.pw;;;
;;;beetle.elm.relay.mailchannels.net;;;
;;;rcstat.com;;;
;;;nask-pl.com;;;
;;;sztab-wyborczy.info;;;
;;;wybory.life;;;
;;;sztab-wyborczy.org;;;
;;;wybory.pis-2023.life;;;
;;;pis.sztab-wyborczy.org;;;
;;;prawo.sprawiedliwosc.org;;;
;;;pis.parlament.pro;;;
;;;pis.wybory.life;;;
;;;pis.sztab-wyborczy.info;;;
;;;sprawiedliwosc.info;;;
;;;parlamnet.pro;;;
;;;mockbin.org;;;
;;;infinityfreeapp.com;;;
;;;bs.katowice.pl;;;
;;;run.mocky.io;;;
;;;8161.online;;;
;;;sv306.home.net.pl;;;
;;;opendoc.infinityfreeapp.com;;;
;;;infinityfreeapp.com;;;
;;;api.ipify.org;;;
;;;api4.ipify.org;;;
;;;time.windows.com;;;
;;;crt.sectigo.com;;;
;;;fp2e7a.wpc.2be4.phicdn.net;;;
;;;fp2e7a.wpc.phicdn.net;;;
;;;ftp.omamontaggi.it;;;
;;;kayserialarmuydu.com;;;
;;;firstcloudit.com;;;
;;;oast.fun;;;
;;;wody.gov.pl;;;
;;;mx1.kzgw.gov.pl;;;
;;;mx2.kzgw.gov.pl;;;
;;;kzgw-wody.firstcloudit.com;;;
;;;mail6.winserver.ne.jp;;;
;;;crisisestimatehealtwh.site;;;
;;;panel.online365.com.ua;;;
;;;set-change-account.rf.gd;;;
;;;clairedeco.shop;;;
;;;jacksonfreepress.site;;;
;;;veloutinebydelite.ro;;;
;;;work.gd;;;
;;;publicvm.com;;;
;;;run.place;;;
;;;linkpc.net;;;
;;;line.pm;;;
;;;mocky.io;;;
;;;x.pipedream.net;;;
;;;worldtimeserver.online;;;
;;;thecontentauthority.digital;;;
;;;ballotpedia.pro;;;
;;;kulika.org;;;
;;;lct.icu;;;
;;;rcube-session.top;;;
;;;baytowneprovisions.com;;;
;;;focusconsultoria.net;;;
;;;www.novafit88.com;;;
;;;boithaonguyen.com;;;
;;;domenygov-pl.wuaze.com;;;
;;;portugalmail.pt;;;
;;;seznam.cz;;;
;;;mail.totalconstruction.com.au;;;
;;;4freerussia.cloud;;;
;;;admin-ch.cloud;;;
;;;amazonmeeting.cloud;;;
;;;aspeninstitute.cloud;;;
;;;aws-data.cloud;;;
;;;aws-join.cloud;;;
;;;awsmeet.cloud;;;
;;;awsprotect.online;;;
;;;aws-s3.cloud;;;
;;;backupify.cloud;;;
;;;barracuda.solutions;;;
;;;brookings.cloud;;;
;;;bund-de.cloud;;;
;;;c-r.services;;;
;;;cwinc.cloud;;;
;;;defence-au.cloud;;;
;;;democracyendowment.cloud;;;
;;;eopgov.cloud;;;
;;;europeanvalues.cloud;;;
;;;exclaimer.solutions;;;
;;;forces-gc.cloud;;;
;;;foreignpolicy.cloud;;;
;;;gmfus.cloud;;;
;;;gov-au.cloud;;;
;;;gov-aws.cloud;;;
;;;gov-fi.cloud;;;
;;;gov-gr.cloud;;;
;;;gov-lt.cloud;;;
;;;gov-lv.cloud;;;
;;;gov-pl.cloud;;;
;;;gov-sk.cloud;;;
;;;govtr.cloud;;;
;;;gov-trust.cloud;;;
;;;gov-ua.cloud;;;
;;;gv-at.cloud;;;
;;;kam-lt.cloud;;;
;;;mfa-gov-il.cloud;;;
;;;mil-ee.cloud;;;
;;;mindef-nl.cloud;;;
;;;mod-gov-il.cloud;;;
;;;ms-meetings.online;;;
;;;msz-pl.cloud;;;
;;;mvep-hr.cloud;;;
;;;mzv-cz.cloud;;;
;;;ncfta.cloud;;;
;;;ndu.solutions;;;
;;;opensocietyfoundations.cloud;;;
;;;pulsesecure.cloud;;;
;;;regeringskansliet-se.cloud;;;
;;;s3-acronis.cloud;;;
;;;s3-army.cloud;;;
;;;s3-atlassian.cloud;;;
;;;s3-aws.cloud;;;
;;;s3-bah.cloud;;;
;;;s3-be.cloud;;;
;;;s3-blackberry.cloud;;;
;;;s3-csis.cloud;;;
;;;s3-de.cloud;;;
;;;s3-dgap.cloud;;;
;;;s3-dk.cloud;;;
;;;s3-dnc.cloud;;;
;;;s3-esa.cloud;;;
;;;s3-fbi.cloud;;;
;;;s3-hudson.cloud;;;
;;;s3-ida.cloud;;;
;;;s3-iri.cloud;;;
;;;s3-knowbe4.cloud;;;
;;;s3-marcus.cloud;;;
;;;s3-monitoring.cloud;;;
;;;s3-nato.cloud;;;
;;;s3-ned.cloud;;;
;;;s3-nsa.cloud;;;
;;;s3-proofpoint.cloud;;;
;;;s3-pt.cloud;;;
;;;s3-rackspace.cloud;;;
;;;s3-rand.cloud;;;
;;;s3-spacex.cloud;;;
;;;s3-state.cloud;;;
;;;s3-stig.cloud;;;
;;;s3-ua.cloud;;;
;;;s3-ucia.cloud;;;
;;;s3-zoho.cloud;;;
;;;ssi-gouv-fr.cloud;;;
;;;statecloud.us;;;
;;;swcloud.us;;;
;;;symbolsecurity.cloud;;;
;;;ua-aws.army;;;
;;;ua-gov.cloud;;;
;;;ua-mil.cloud;;;
;;;ua-sec.cloud;;;
;;;usaid.cloud;;;
;;;usip.us;;;
;;;us-west-1.aws-ukraine.cloud;;;
;;;us-west-1.ukrtelecom.cloud;;;
;;;wrapsnet.cloud;;;
;;;zero-trust.solutions;;;
;;;zoom-meeting.cloud;;;
;;;marketrealist.shop;;;
;;;merriam-webste.shop;;;
;;;blueletterbible.shop;;;
;;;grokinteract.com;;;
;;;arteguay.com;;;
;;;pigglywigglystores.shop;;;
;;;gov.int.pl;;;
;;;theottoolbox.top;;;
;;;smithsonianmag.top;;;
;;;deepseek.com;;;
;;;betterwordsonline.xyz;;;
;;;ed-microsoft.shop;;;
;;;id-ar.me;;;
;;;inbesctr.top;;;
;;;bigmir.net;;;
;;;parafiaskopanie.pl;;;
;;;satrinon.ac.th;;;
;;;poczta-p801.website;;;
;;;govbiznes7pi3h5lz.blob.core.win-dows.net;;;
;;;backyardziplines.icu;;;
;;;mega.nz;;;
;;;expsouthafrica.co.za;;;
;;;chooseyourvenue.shop;;;
;;;tiande.pl;;;
;;;europe.com;;;
;;;vacalloys.com;;;
;;;belvederetextil.com.br;;;
;;;lakhmiri.com;;;
;;;mtc-me.com;;;
;;;opti.digitalcitizen.icu;;;
;;;1000lifelessons.shop;;;
;;;myprogiteam.fr;;;
;;;channelnewsasia.icu;;;
;;;dart.mes-web.com;;;
;;;mold.ontariofishingcommunity.icu;;;
;;;akamaidocs.net;;;
;;;ns2.stack-drive.com;;;
;;;soft-storelive.com;;;
;;;gohazeldale.com;;;
;;;srlaptop.com;;;
;;;melamorri.com;;;
;;;campanole.com;;;
;;;konsolahetman-epuap.abstractedreality.online;;;
;;;minimalismmadesimple.online;;;
;;;static.otrcocktails.top;;;
;;;roundcube.icu;;;
;;;bubblysideoflife.top;;;
;;;headlines-dispatch.gimmethegoodstuff.top;;;
;;;koltex-yarn.pl;;;
;;;pl.minghui.org;;;
;;;click.vivelo-poczta.pl;;;
;;;transfernow.net;;;
;;;mirrors.cernet.edu.cn;;;
;;;feedback.qiye.163.com;;;
;;;english.nhri.cn;;;
;;;ciklotron.net;;;
;;;vplusv.ca;;;
;;;dvtpl.com;;;
;;;mailchimp.com;;;
;;;nesst.org;;;
;;;praepositus.eu;;;
;;;mailchi.mp;;;
;;;mcusercontent.com;;;
;;;aopapardo.it;;;
;;;fairmontimmigration.org;;;
;;;micsrosoftonline.com;;;
;;;miscrosotft.com;;;
;;;ebsumlts.eu;;;
;;;ebsummt.eu;;;
;;;miscrsosoft.com;;;
;;;ebsummlt.eu;;;
;;;ebsurnmit.eu;;;
;;;ebsumrnit.eu;;;
;;;crm.rmtsoft.de;;;
;;;odoo.com;;;
;;;druckerei-fuchs.de;;;
;;;echohaus.de;;;
;;;nachhaltigelise.de;;;
;;;neueinternetideen.de;;;
;;;markisetorn.de;;;
;;;hireez-privacy.com;;;
;;;hireez.com;;;
;;;awstrack.me;;;
